Begin Time - msec,End Time - msec,Duration - msec,Block,Trial no,Stimulus,Handedness,Comments_CF,Comments_DF,NMM,Compound signs,Comments_ZS,Response Translation,Response Status,Lemma Gloss (ASLLEX),Comment_NC,ID Gloss ASLLEX,ID Gloss ASLLEX OLD,CleanGloss,Matched,EntryID,SignFrequency(Z),Code,Iconicity(Z),LexicalClass,Compound.2.0,Handshape.2.0,SelectedFingers.2.0,ThumbPosition.2.0,SignType.2.0,Movement.2.0,MajorLocation.2.0,MinorLocation.2.0,Contact.2.0,Parameter.Neighborhood.Density.2.0
2228,3671,1443,A1,14,act257walk.jpg,2+,,,,,,WALK_v,Accept++,WALK,,walk,walk,walk,True,walk,1.086,D_02_057,0.853,Verb,0.0,open_b,imrp,Open,SymmetricalOrAlternating,Curved,Neutral,Neutral,0.0,344.0
5045,6916,1871,A1,15,act126lick.jpg,2+,,,,,,LICK_v,Accept++,LICK,,lick_envelope,lick_envelope,lick_envelope,True,lick_envelope,-0.616,K_01_035,1.257,Verb,0.0,open_b,imrp,Open,SymmetricalOrAlternating,Curved,Head,HeadAway,0.0,202.0
8041,9527,1486,A1,16,rain.png,2+,,,,,,RAIN_v,Accept++,RAIN,,rain,rain,rain,True,rain,0.917,A_03_061,0.897,Noun,0.0,spread_open_e,imrp,Open,SymmetricalOrAlternating,Straight,Neutral,Neutral,0.0,443.0
11112,12612,1500,A1,17,act076look.jpg,2+,Look thru microscope,,,,,MICROSCOPE_v,Accept++,,,microscope,microscope,microscope,True,microscope,-1.329,A_03_076,0.994,Noun,0.0,curved_5,imrp,Open,SymmetricalOrAlternating,,Head,HeadAway,0.0,265.0
14152,15367,1215,A1,18,act260water.jpg,1,,,,,,POUR_v,Accept++,POUR,,pour,pour,pour,True,pour,-0.495,F_02_063,1.382,Verb,0.0,y,p,Open,OneHanded,Curved,Neutral,Neutral,0.0,270.0
17262,18862,1600,A1,19,act216somersault.jpg,2+,,,NMM,,,SOMERSAULT_v,Accept++,SOMERSAULT,,somersault,somersault,somersault_1,True,somersault_1,-0.626,J_02_012,1.103,Noun,0.0,1,i,Closed,SymmetricalOrAlternating,Circular,Neutral,Neutral,0.0,177.0
23766,25309,1543,A1,21,act122knit.jpg,2+,,,,,,KNIT_v,Accept++,KNIT,,knitting,knitting,knitting,True,knitting,-0.653,D_03_071,0.542,Verb,0.0,1,i,Closed,SymmetricalOrAlternating,,Neutral,Neutral,1.0,272.0
27397,28911,1514,A1,22,act100whisper.jpg,2+,,,NNM,,,GOSSIP_v,Accept++,GOSSIP,,gossip,gossip,gossip,True,gossip,0.059,D_01_029,0.07,Noun,0.0,g,i,Open,SymmetricalOrAlternating,Circular,Head,Mouth,0.0,72.0
30130,31944,1814,A1,23,act186punish.jpg,2-,,,NNM,,,PUNISH_v,Accept++,PUNISH,,punish,punish,punish,True,punish,-0.259,C_02_041,-0.06,Verb,0.0,1,i,Closed,OneHanded,Curved,Arm,ForearmUlnar,1.0,76.0
33356,34984,1628,A1,24,act272write.jpg,2-,,,NMM,,,WRITE_v,Accept++,WRITE,,write,write,write,True,write,0.785,D_01_051,1.821,Verb,0.0,baby_o,i,Open,AsymmetricalDifferentHandshape,Straight,Hand,Palm,1.0,387.0
36500,38271,1771,A1,25,act071dust.jpg,2-,,,,,,CLEAN_v,Accept++,,,clean,clean,clean,True,clean,0.302,E_03_082,0.171,Verb,0.0,open_b,imrp,Open,AsymmetricalSameHandshape,Curved,Hand,Palm,1.0,266.0
47389,49332,1943,A1,28,act180roast.jpg,2+,,,,,,ROAST-v,Accept++,,I don't understand.,roast,roast,roast,True,roast,-1.413,J_02_038,0.98,Verb,1.0,1,i,Closed,SymmetricalOrAlternating,Circular,Neutral,Neutral,0.0,177.0
50963,53420,2457,A1,29,act131load.jpg,2+,,,,,,LOAD,Accept++,LOAD,,load,load.1,load,True,load,-0.841,H_01_055,0.164,Verb,0.0,curved_5,imrp,Open,SymmetricalOrAlternating,Straight,Neutral,Neutral,0.0,512.0
54824,56667,1843,A1,30,act151parachute.jpg,2-,,,NMM,,,PARACHUTE_v,Accept+-,PARACHUTE,,parachute,parachute.1,parachute,True,parachute,-1.279,A_01_021,1.302,Verb,0.0,s,imrp,Closed,SymmetryViolation,Straight,Hand,FingerTip,0.0,422.0
58192,59564,1372,A1,31,act246throw.jpg,1,,,NMM,,,THROW_v,Accept+-,TRHOW,,throw,throw.1,throw,True,throw,-0.407,C_03_081,1.238,Verb,0.0,s,im,Closed,OneHanded,Curved,Neutral,Neutral,0.0,321.0
64907,66435,1528,A1,33,act070dry.jpg,1,,,NMM,,,BLOWDRY-v,Accept++,hairdryer,,hairdryer,hairdryer,hairdryer,True,hairdryer,-0.878,B_02_078,0.623,Noun,0.0,l,i,Open,OneHanded,Straight,Head,HeadAway,0.0,338.0
71204,72561,1357,A1,35,act219spill.jpg,1,,,NMM,,,POUR-CA,Accept+-,,,pour-ca,pour-ca,pour,True,pour,-0.495,F_02_063,1.382,Verb,0.0,y,p,Open,OneHanded,Curved,Neutral,Neutral,0.0,270.0
74385,76142,1757,A1,36,act196shave.jpg,1,,,,,,SHAVE_v,Accept++,SHAVE,,shave_3,shave_3,shave_3,True,shave_3,-0.296,H_03_018,1.293,Verb,0.0,bent_1,i,Closed,OneHanded,Straight,Head,CheekNose,1.0,342.0
81170,82813,1643,A1,38,act087fish.jpg,2+,,,NMM,,,FISH_v,Accept++,FISHING,,fishing,fishing,fishing,True,fishing,-0.348,A_02_035,1.465,Noun,0.0,baby_o,i,Open,SymmetryViolation,Straight,Neutral,Neutral,0.0,497.0
88190,89618,1428,A1,40,act212smile.jpg,2+,,,NMM,,,SMILE_v,Accept++,SMILE,,smile,smile,smile,True,smile,-0.045,D_01_031,1.849,Noun,0.0,flat_1,i,Closed,SymmetricalOrAlternating,Curved,Head,Mouth,1.0,130.0
91034,92734,1700,A1,41,act253vacuum.jpg,1,,,NMM,,,VACUUM_v,Accept++,VACUUM,,vaccum,vaccum,vacuum,True,vacuum,-0.243,D_03_084,0.748,Verb,0.0,baby_o,i,Open,OneHanded,Z-shaped,Neutral,Neutral,0.0,89.0
94400,95829,1429,A1,42,act242teach.jpg,2+,,,,,,TEACH_v,Accept++,TEACH,,teach,teach.1,teach,True,teach,0.227,D_02_052,-0.684,Verb,0.0,o,imrp,Open,SymmetricalOrAlternating,Straight,Head,Forehead,0.0,354.0
97275,98804,1529,A1,43,act067drive.jpg,2+,,,,,,DRIVE_v,Accept++,,,car,car,car,True,car,1.361,D_02_043,1.495,Noun,0.0,s,imrp,Closed,SymmetricalOrAlternating,Curved,Neutral,Neutral,0.0,321.0
103580,105166,1586,A1,45,act011win.jpg,2-,,,NMM,,,WIN_v,Accept++,WIN,,win,win,win,True,win,0.197,B_02_029,-0.312,Verb,0.0,o,imrp,Open,AsymmetricalSameHandshape,Curved,Hand,FingerRadial,1.0,192.0
106619,108504,1885,A1,46,act120kneel.jpg,2-,,,,,,KNEEL_v,Accept++,KNEEL,,kneel,kneel,kneel,True,kneel,-1.062,C_03_021,0.56,Verb,0.0,bent_v,im,Closed,AsymmetricalDifferentHandshape,Straight,Hand,Palm,1.0,358.0
110320,112149,1829,A1,47,act271twist.jpg,2-,,,,,,WRING-v,Accept++,WRING,,wring,wring,wring,True,wring,-0.902,H_01_029,1.329,Verb,0.0,curved_5,imrp,Open,SymmetricalOrAlternating,Straight,Neutral,Neutral,0.0,512.0
113622,115222,1600,A1,48,act183sail.jpg,2+,,,,,,SAIL_v,Accept+-,BOAT,,boat,boat,boat,True,boat,-0.248,D_01_055,-0.309,Noun,0.0,open_b,imrp,Open,SymmetricalOrAlternating,Curved,Neutral,Neutral,1.0,344.0
116679,118222,1543,A1,49,act182run.jpg,2-,,,,,,RUN_v,Accept++,RUN,,run,run,run,True,run,0.321,B_03_015,-0.591,Verb,0.0,l,i,Open,SymmetryViolation,Straight,Hand,FingerFront,1.0,368.0
129770,131613,1843,A1,53,act077stretch.jpg,2+,,,,,,EXERCISE_v,Accept++,EXERCISE,,exercise,exercise,exercise,True,exercise,0.23,C_01_084,0.927,Noun,0.0,s,imrp,Closed,SymmetricalOrAlternating,Circular,Body,BodyAway,0.0,49.0
133078,134392,1314,A1,54,act016bite.jpg,1,,,NMM,,,BITE_v,Accept++,BITE,,bite,bite.1,bite,True,bite,0.016,G_02_099,0.931,Verb,0.0,curved_5,imrp,Open,AsymmetricalDifferentHandshape,Curved,Hand,FingerBack,1.0,209.0
133078,134392,1314,A1,54,act016bite.jpg,1,,,NMM,,,BITE_v,Accept++,BITE,,bite,bite.1,bite,True,bite,-0.183,K_02_045,1.045,Verb,0.0,curved_v,im,Open,OneHanded,Straight,Neutral,Neutral,0.0,453.0
138912,140540,1628,A1,56,act176fix.jpg,2-,,,,,,FIX_v,Accept++,FIX,,mechanic_2,mechanic_2,mechanic_2,True,mechanic_2,-0.796,D_01_066,1.111,Noun,0.0,v,im,Closed,AsymmetricalDifferentHandshape,Curved,Hand,Other,1.0,198.0
145787,147130,1343,A1,58,act160plug.jpg,2-,,,,,,PLUG_v,Accept++,PLUG,,plug,plug,plug_1,True,plug_1,0.056,E_01_022,-0.857,Noun,0.0,flat_v,im,Closed,AsymmetricalDifferentHandshape,Straight,Hand,Other,1.0,347.0
148952,150480,1528,A1,59,act210slip.jpg,2-,,,,,,SLIP_v,Accept++,SLIP,,slip,slip.1,slip_1,True,slip_1,-0.551,J_02_030,0.662,Verb,0.0,open_b,imrp,Open,AsymmetricalSameHandshape,Curved,Hand,Palm,1.0,266.0
151889,153389,1500,A1,60,act264whisper.jpg,1,,,NMM,,,WHISPER_v,Accept++,WHISPER,,whisper,whisper,whisper,True,whisper,0.094,H_03_075,0.496,Verb,0.0,flat_4,imrp,Closed,OneHanded,,Head,Mouth,1.0,220.0
155157,156843,1686,A1,61,act218plant.jpg,1,,,NMM,,,SOW_v,Accept++,,,sow,sow,sow,True,sow,-0.228,H_01_075,-0.49,Verb,0.0,flat_o,imrp,Open,OneHanded,Straight,Neutral,Neutral,0.0,464.0
158271,159942,1671,A1,62,act081feed.jpg,1,,,,,,FEED_v,Accept++,FEED,,sow,sow,sow,True,sow,-0.228,H_01_075,-0.49,Verb,0.0,flat_o,imrp,Open,OneHanded,Straight,Neutral,Neutral,0.0,464.0
161094,162622,1528,A1,63,act091fold.jpg,2+,,,,,,FOLD_v,Accept++,FOLD,,fold,fold.1,fold,True,fold,-0.095,F_02_019,1.146,Verb,0.0,open_b,imrp,Open,SymmetricalOrAlternating,Curved,Neutral,Neutral,0.0,344.0
164303,165674,1371,A1,64,act256wait.jpg,2+,,,,,,WAIT_v,Accept++,WAIT,,wait,wait,wait,True,wait,0.768,B_02_016,-0.376,Verb,0.0,5,imrp,Open,SymmetricalOrAlternating,,Neutral,Neutral,0.0,190.0
167176,168333,1157,A1,65,act244talk.jpg,1,,,,,,CALL_v,Accept++,CALL,,call,call,call,True,call,0.387,C_02_061,1.908,Verb,0.0,y,p,Open,OneHanded,Curved,Head,CheekNose,1.0,142.0
169640,171183,1543,A1,66,act102cook.jpg,2-,,,,,,COOK_v,Accept++,COOK,,cook,cook,cook,True,cook,1.113,D_03_078,0.082,Verb,0.0,open_b,imrp,Open,AsymmetricalSameHandshape,Other,Hand,Palm,1.0,86.0
172642,174285,1643,A1,67,act198shine.jpg,1,,,,,,FLASHLIGHT-cl,Accept+,FLASHLIGHT,,flashlight-ca,flashlight-ca,flashlight,True,flashlight,-0.568,A_03_084,-0.471,Noun,1.0,1,m,Open,OneHanded,,Head,UnderChin,1.0,290.0
176118,177661,1543,A1,68,act254wade.jpg,2+,,,,,,SWIM_v,Accept++,SWIM,,swim,swim,swim,True,swim,0.008,E_03_053,0.297,Verb,0.0,flat_b,imrp,Open,SymmetricalOrAlternating,Curved,Neutral,Neutral,0.0,288.0
183059,184745,1686,A1,70,act045conduct.jpg,2-,,,,,,MUSIC_v,Accept+-,MUSIC,,music,music,music,True,music,0.065,A_01_080,-0.736,Noun,0.0,open_b,imrp,Open,OneHanded,Curved,Arm,ArmAway,0.0,87.0
186374,188302,1928,A1,71,act230stir.jpg,1,,,,,,STIR_v,Accept++,STIR,,stir,stir,stir,True,stir,-0.365,D_03_055,1.855,Verb,0.0,baby_o,i,Open,AsymmetricalDifferentHandshape,Circular,Hand,HandAway,0.0,66.0
189625,191225,1600,A1,72,act267wink.jpg,1,,,NMM,,,WINK_v,Accept++,WINK,,wink,wink,wink,True,wink,-0.616,D_03_094,1.336,Verb,0.0,g,i,Open,OneHanded,,Head,HeadAway,0.0,241.0
192400,193957,1557,A1,73,act026burn.jpg,2+,,,,,,BURN_v,Accept++,BURN,,fire,fire,fire,True,fire,-0.746,B_03_090,0.292,Noun,0.0,5,imrp,Open,SymmetricalOrAlternating,Circular,Neutral,Neutral,0.0,141.0
195437,196837,1400,A1,74,act005cut.jpg,1,,,,,,CUT_v,Accept++,CUT,,cut_1,cut_1,cut_1,True,cut_1,-0.608,E_02_046,1.164,Verb,0.0,v,im,Closed,OneHanded,Curved,Neutral,Neutral,0.0,271.0
198539,200068,1529,A1,75,act047cough.jpg,1,,,NMM,,,COUGH_v,Accept++,COUGH,,cough,cough,cough,True,cough,-0.455,C_02_071,1.001,Noun,0.0,s,imrp,Closed,OneHanded,Straight,Body,TorsoTop,1.0,195.0
206281,207710,1429,A1,77,act007argue.jpg,1,,,NMM,,,YELL_v,Accept+-,YELL,,shout,shout,shout_1,True,shout_1,-0.069,J_03_005,1.107,Verb,0.0,curved_5,imrp,Open,OneHanded,Straight,Head,Mouth,1.0,380.0
209555,211469,1914,A1,78,act167pull.jpg,2-,,,NMM,,,PULL_v,Accept++,PULL,,pull,pull,pull,True,pull,-0.182,D_02_062,1.723,Verb,0.0,baby_o,i,Open,SymmetricalOrAlternating,Straight,Neutral,Neutral,0.0,497.0
212916,214445,1529,A1,79,act191serve.jpg,2+,,,NMM,,,SERVE_v,Accept++,SERVE,,serve,serve,serve_1,True,serve_1,0.126,E_02_004,-0.546,Verb,0.0,open_b,imrp,Open,SymmetricalOrAlternating,Straight,Neutral,Neutral,0.0,541.0
216426,218226,1800,A1,80,act032carve.jpg,2-,,,,,,CARVE_v,Accept++,,,sculpt,sculpt,sculpt,True,sculpt,-0.348,J_01_028,-0.114,Verb,0.0,a,t,Open,AsymmetricalDifferentHandshape,Curved,Hand,Palm,1.0,218.0
219656,221399,1743,A1,81,act003paint.jpg,2-,,,,,,PAINT_v,Accept++,PAINT,,paint,paint,paint,True,paint,-0.038,D_01_048,1.068,Verb,0.0,open_b,imrp,Open,AsymmetricalSameHandshape,Straight,Hand,FingerFront,1.0,459.0
223159,224531,1372,A1,82,act159plow.jpg,1,,,,,,FARM_v,Accept+-,FARM,,farm,farm,farm,True,farm,-0.635,B_01_086,-0.89,Noun,0.0,5,imrp,Open,OneHanded,Straight,Head,Chin,1.0,378.0
227504,229475,1971,A1,83,act056decorate.jpg,2+,,,NMM,,,DECORATE_v,Accept++,DECORATE,,decorate,decorate,decorate_1,True,decorate_1,0.765,K_01_073,-0.724,Verb,0.0,curved_5,imrp,Open,SymmetricalOrAlternating,Circular,Neutral,Neutral,0.0,155.0
231134,232477,1343,A1,84,act163pop.jpg,2+,,,NMM,,,POP_v,Accept++,,,erupt,erupt.1,erupt_1,True,erupt_1,-0.437,H_03_017,1.491,Verb,0.0,o,imrp,Open,AsymmetricalDifferentHandshape,Straight,Hand,Other,1.0,386.0
234280,235937,1657,A1,85,act137march.jpg,2+,,,NMM,,,MARCH_v,Accept++,MARCH,,march,march,march,True,march,-0.805,J_01_013,-0.434,Name,0.0,flat_b,imrp,Open,SymmetricalOrAlternating,Straight,Neutral,Neutral,0.0,486.0
237783,239583,1800,A1,86,act059dig.jpg,2+,,,,,,DIG-UP-v,Accept++,DIG,,dig_up,dig_up,dig_up,True,dig_up,-0.306,G_02_019,1.369,Verb,0.0,a,t,Open,SymmetricalOrAlternating,Curved,Neutral,Neutral,0.0,310.0
241955,243398,1443,A1,87,eating2.png,1,,,,,,EAT_v,Accept++,EAT,,eat_2,eat_2,eat_2,True,eat_2,1.245,B_03_082,1.53,Verb,0.0,o,imrp,Open,OneHanded,Straight,Head,Mouth,1.0,354.0
245137,246622,1485,A1,88,act012bake.jpg,2-,,,,,,BAKE_v,Accept++,BAKE,,bake_1,bake_1,bake_1,True,bake_1,0.163,A_01_060,-0.591,Verb,0.0,closed_b,imrp,Closed,AsymmetricalSameHandshape,Straight,Hand,HandAway,0.0,376.0
250292,251921,1629,A1,89,act017sniff.jpg,1,,,NMM,,,NOSE_BLEED_v,Accept+-,SNIFF,,nose_bleed,nose_bleed,nose_bleed,True,nose_bleed,0.524,K_01_092,-0.257,Verb,0.0,4,imrp,Closed,OneHanded,Straight,Head,CheekNose,1.0,327.0
253695,255209,1514,A1,90,act099golf.jpg,2-,,,NMM,,,GOLF_v,Accept++,GOLF,,golf,golf,golf,True,golf,-0.275,A_02_017,1.149,Noun,0.0,baby_o,i,Open,SymmetryViolation,Curved,Neutral,Neutral,0.0,290.0
256697,258283,1586,A1,91,act185saw.jpg,2-,,,NMM,,,SAW_v,Accept++,SAW,,wood,wood,wood,True,wood,-0.078,C_03_031,0.132,Noun,0.0,open_b,imrp,Open,AsymmetricalSameHandshape,Straight,Hand,PalmBack,1.0,459.0
259580,261051,1471,A1,92,act133look.jpg,1,,,,,,MIRROR-n,Accept++,,Mirror is noun.,mirror,mirror,mirror,True,mirror,0.483,A_03_034,1.344,Noun,0.0,open_b,imrp,Open,OneHanded,,Head,HeadAway,0.0,269.0
263041,264641,1600,A1,93,act074erase.jpg,1,,,,,,ERASE_v,Accept++,ERASE,,erase,erase.2,erase,True,erase,0.045,J_03_085,1.366,Verb,0.0,a,t,Open,AsymmetricalDifferentHandshape,Straight,Hand,Palm,1.0,414.0
268731,270502,1771,A1,94,act103grind.jpg,2-,,,,,,GRIND_v,Accept++,GRIND,,grind,grind,grind,True,grind,-0.033,J_02_094,1.003,Verb,0.0,s,imrp,Closed,AsymmetricalSameHandshape,Circular,Hand,HandAway,0.0,87.0
271849,273406,1557,A1,95,act080fall.jpg,2-,,,NMM,,,FALL_v,Accept++,FALL,,fall_2,fall_2,fall_2,True,fall_2,-0.297,C_03_007,0.096,Verb,0.0,v,im,Closed,OneHanded,Curved,Neutral,Neutral,0.0,271.0
278322,279994,1672,A1,97,act240swing.jpg,2-,,,,,,SWING-v,Accept++,SWING,,swing_2,swing_2,swing_2,True,swing_2,-0.223,F_02_085,0.969,Verb,0.0,bent_v,im,Closed,SymmetricalOrAlternating,Curved,Neutral,Neutral,0.0,263.0
281717,283674,1957,A1,98,act031carry.jpg,2+,,,,,,CARRY_v,Accept++,CARRY,,carry,carry,carry,True,carry,0.102,J_02_042,0.757,Verb,0.0,open_b,imrp,Open,SymmetricalOrAlternating,Straight,Neutral,Neutral,0.0,541.0
292093,293807,1714,A1,100,act205skate.jpg,2+,,,,,,SKATE_v,Accept++,SKATE,,rollerskating,rollerskating,rollerskating,True,rollerskating,-0.958,A_02_074,-0.533,Noun,0.0,bent_v,im,Closed,SymmetricalOrAlternating,Curved,Neutral,Neutral,0.0,263.0
301664,303121,1457,A1,103,act024brush.jpg,1,,,NMM,,,TOOTHBRUSH_v,Accept++,TOOTHBRUSH,,toothbrush,toothbrush,toothbrush,True,toothbrush,0.603,D_03_073,1.676,Noun,0.0,flat_1,i,Closed,OneHanded,Straight,Head,HeadAway,0.0,326.0
304408,306251,1843,A1,104,act204sit.jpg,2-,,,NMM,,,SIT_v,Accept++,SIT,,sit,sit,sit,True,sit,0.807,D_03_034,0.275,Verb,0.0,curved_h,im,Closed,AsymmetricalDifferentHandshape,Straight,Hand,FingerBack,1.0,343.0
307546,309417,1871,A1,105,act112hug.jpg,2+,,,,,,HUG_v,Accept++,HUG,,hug,hug,hug,True,hug,1.076,G_02_036,1.502,Verb,0.0,a,t,Open,SymmetricalOrAlternating,,Body,TorsoTop,1.0,74.0
310870,312699,1829,A1,106,act162polish.jpg,2+,,,,,,POLISH_v,Accept++,,,polish,polish.1,polish,True,polish,0.902,J_01_086,0.858,Verb,0.0,a,t,Open,AsymmetricalDifferentHandshape,Straight,Hand,FingerRadial,1.0,414.0
314673,316087,1414,A1,107,act111howl.jpg,1,,,NMM,,,HOWL_v,Accept++,HOWL,,howl,howl,howl,True,howl,-1.348,J_02_019,0.901,Verb,0.0,c,imrp,Open,OneHanded,Straight,Head,HeadAway,1.0,363.0
325637,327423,1786,A1,110,act141meditate.jpg,2+,,,,,,MEDITATE_v,Accept++,MEDITATE,,meditate,meditate.1,meditate_1,True,meditate_1,-0.089,J_01_037,1.064,Verb,0.0,1,m,Open,SymmetricalOrAlternating,Straight,Neutral,Neutral,0.0,563.0
329004,330576,1572,A1,111,act215snow.jpg,2+,,,NMM,,,SNOW_v,Accept++,,,snow,snow.1,snow,True,snow,-0.482,A_01_057,0.425,Noun,1.0,flatspread_5,imrp,Open,OneHanded,Straight,Body,TorsoTop,1.0,140.0
332508,333951,1443,A1,112,act113hunt.jpg,2+,,,NMM,,,HUNT_v,Accept++,HUNT,,hunt,hunt,hunt,True,hunt,-1.346,B_01_025,0.886,Verb,0.0,open_h,im,Open,SymmetricalOrAlternating,Straight,Neutral,Neutral,0.0,442.0
335902,337545,1643,A1,113,act054curtsey.jpg,2+,GESTURE,,,,,CURTSEY_v,Accept+,,,curtsey,curtsey,curtsey_1,True,curtsey_1,-0.836,K_02_006,1.367,Verb,0.0,f,i,Open,SymmetricalOrAlternating,Curved,Body,BodyAway,0.0,112.0
339110,340539,1429,A1,114,act270wrap.jpg,2-,,,,,,FOLD_v,Accept+-,FOLD,,fold,fold,fold,True,fold,-0.095,F_02_019,1.146,Verb,0.0,open_b,imrp,Open,SymmetricalOrAlternating,Curved,Neutral,Neutral,0.0,344.0
342083,343569,1486,A1,115,act020bow.jpg,1,,,,,,BOW_v,Accept++,BOW,,bow,bow.1,bow_1,True,bow_1,-0.909,F_03_065,0.378,Noun,0.0,s,im,Closed,SymmetricalOrAlternating,,Head,HeadTop,1.0,246.0
345275,346503,1228,A1,116,act028pay.jpg,2-,,,,,,BUY_v,Accept+-,BUY,,buy,buy,buy,True,buy,0.797,D_03_074,0.049,Verb,1.0,flat_o,imrp,Open,AsymmetricalDifferentHandshape,Straight,Hand,Palm,1.0,356.0
347790,349161,1371,A1,117,act164pour.jpg,1,,,,,,POUR_v,Accept++,POUR,,pour,pour.1,pour,True,pour,-0.495,F_02_063,1.382,Verb,0.0,y,p,Open,OneHanded,Curved,Neutral,Neutral,0.0,270.0
353465,354951,1486,A1,119,act018boil.jpg,2+,,,NMM,,,BOIL_v,Accept++,BOIL,,boil,boil,boil_1,True,boil_1,0.083,G_03_101,-0.158,Verb,0.0,5,imrp,Open,SymmetricalOrAlternating,Circular,Neutral,Neutral,0.0,141.0
356466,357823,1357,A1,120,act149open.jpg,2+,,,,,,OPEN_v,Accept++,OPEN,,open,open,open,True,open,0.47,G_03_088,0.991,Verb,0.0,closed_b,imrp,Closed,SymmetricalOrAlternating,Curved,Neutral,Neutral,1.0,277.0
359603,361117,1514,A1,121,act227stand.jpg,2-,,,NMM,,,STAND_v,Accept++,STAND,,stand,stand.1,stand_1,True,stand_1,0.546,E_02_011,0.45,Verb,0.0,v,im,Closed,AsymmetricalDifferentHandshape,Straight,Hand,Palm,1.0,368.0
362399,363913,1514,A1,122,act114iron.jpg,1,,,NMM,,,IRON_v,Accept++,IRON,,iron,iron.1,iron,True,iron,-0.971,D_01_063,1.334,Noun,0.0,a,t,Open,AsymmetricalDifferentHandshape,Straight,Hand,Palm,1.0,414.0
369325,370896,1571,A1,124,act166propose.jpg,2+,,,,,,PROPOSE_v,Accept++,PROPOSE,,propose,propose,propose,True,propose,0.514,H_02_026,0.632,Verb,0.0,open_b,imrp,Open,SymmetricalOrAlternating,Curved,Neutral,Neutral,0.0,344.0
372284,373756,1472,A1,125,act088float.jpg,1,,,NMM,,,FLOAT_v,Accept++,FLOAT,3-HS,float,float.2,float_1,True,float_1,-1.25,E_03_043,0.663,Verb,0.0,p,im,Open,OneHanded,Z-shaped,Neutral,Neutral,0.0,62.0
375308,376865,1557,A1,126,act224spread.jpg,2-,,,,,,SPREAD_v,Accept++,SPREAD,,spread,spread,spread_1,True,spread_1,0.342,G_03_012,1.259,Verb,0.0,o,imrp,Open,SymmetricalOrAlternating,Curved,Neutral,Neutral,1.0,284.0
379947,381790,1843,A1,127,act262sew.jpg,2-,,,NMM,,,WEAVE_v,Accept++,,I never see it before.,weave,weave,weave,True,weave,-1.436,H_02_081,0.231,Verb,0.0,4,imrp,Closed,SymmetricalOrAlternating,Straight,Neutral,Neutral,1.0,458.0
383486,384772,1286,A1,128,act078explode.jpg,2+,,,NMM,,,EXPLODE_v,Accept++,EXPLODE,,pop,pop.1,pop,True,pop,-1.396,D_03_023,0.536,Verb,0.0,baby_o,i,Open,AsymmetricalDifferentHandshape,BackAndForth,Hand,HandAway,0.0,51.0
386957,388228,1271,A1,129,act097give.jpg,2+,,,NMM,,,GIVE_v,Accept++,,,gift,gift,gift,True,gift,0.452,E_01_055,-0.74,Noun,0.0,bent_1,i,Closed,SymmetricalOrAlternating,Curved,Neutral,Neutral,0.0,261.0
390223,391652,1429,A1,130,act027bury.jpg,1,,,NMM,,,BURY_v,Accept++,BURY,,bury,bury.1,bury,True,bury,0.284,K_01_081,-0.787,Verb,0.0,flat_b,imrp,Open,SymmetricalOrAlternating,Curved,Neutral,Neutral,0.0,288.0
393296,395038,1742,A1,131,act268wash.jpg,2-,,,,,,WASH_v,Accept++,WASH,,erase,erase,erase,True,erase,0.045,J_03_085,1.366,Verb,0.0,a,t,Open,AsymmetricalDifferentHandshape,Straight,Hand,Palm,1.0,414.0
401847,403147,1300,A1,133,act177save.jpg,2-,,,,,,HELP_v,Accept+-,HELP,,help,help,help,True,help,1.126,D_01_042,-0.745,Verb,0.0,a,t,Open,AsymmetricalDifferentHandshape,Straight,Hand,Palm,1.0,414.0
416485,417957,1472,A2,135,act068break.jpg,2+,,,NMM,,,DROP_v,Accept++,DROP,,drop,drop,drop,True,drop,0.054,C_03_052,1.207,Verb,0.0,s,imrp,Closed,SymmetricalOrAlternating,Straight,Neutral,Neutral,0.0,524.0
420121,421607,1486,A2,136,act008walk.jpg,2+,,,,,,GO_v,Accept++,,,go,go,go,True,go,1.029,C_03_056,1.266,Verb,0.0,1,i,Closed,SymmetricalOrAlternating,Curved,Neutral,Neutral,0.0,358.0
423067,424639,1572,A2,137,act263weigh.jpg,2-,,,,,,WEIGH_v,Accept++,WEIGH,,weigh,weigh,weigh,True,weigh,0.292,D_03_077,-0.242,Verb,0.0,h,im,Closed,DominanceViolation,Curved,Hand,FingerRadial,1.0,198.0
429636,431050,1414,A2,139,act021bowl.jpg,1,,,,,,BOWLING_v,Accept++,BOWLING,,bowling,bowling.1,bowling,True,bowling,-0.865,A_02_003,-0.259,Noun,0.0,curved_5,imrp,Open,OneHanded,Curved,Neutral,Neutral,0.0,311.0
432973,434530,1557,A2,140,mopping.png,2+,,,,,,MOP_v,Accept++,MOPPING,,mop,mop.1,mop,True,mop,-0.145,A_02_090,0.781,Noun,0.0,baby_o,i,Open,SymmetricalOrAlternating,Straight,Neutral,Neutral,0.0,497.0
435811,437139,1328,A2,141,act192sew.jpg,2-,,,,,,SEW_v,Accept++,SEW,,sew,sew,sew,True,sew,-1.331,B_02_073,1.517,Verb,0.0,f,i,Open,DominanceViolation,Curved,Hand,FingerTip,1.0,192.0
438448,440034,1586,A2,142,act239swim.jpg,2+,,,,,,SWIM_v,Accept++,SWIM,,swim,swim.1,swim,True,swim,0.008,E_03_053,0.297,Verb,0.0,flat_b,imrp,Open,SymmetricalOrAlternating,Curved,Neutral,Neutral,0.0,288.0
441143,442314,1171,A2,143,act002drink.jpg,1,,,,,,DRINK_v,Accept++,DRINK,,drink,drink,drink,True,drink,1.068,B_02_012,2.113,Noun,0.0,c,imrp,Open,OneHanded,Straight,Head,HeadAway,0.0,363.0
447420,449077,1657,A2,145,act172reach.jpg,1,,,NMM,,,REACH_v,Accept++,REACH,,reach,reach,reach,True,reach,0.02,K_01_107,0.452,Verb,0.0,curved_5,imrp,Open,OneHanded,Straight,Neutral,Neutral,0.0,512.0
450448,451748,1300,A2,146,act057deliver.jpg,2-,,,,,,MAIL_n,Accept+-,MAIL,,letter,letter,letter,True,letter,0.034,C_01_031,-0.55,Noun,1.0,a,t,Open,OneHanded,,Head,Mouth,1.0,258.0
453687,455015,1328,A2,147,act129light.jpg,2-,,,,,,CANDLE_v,Accept++,LIGHT,,candle,candle,candle,True,candle,-0.356,C_03_060,0.325,Noun,0.0,5,imrp,Open,AsymmetricalDifferentHandshape,,Hand,FingerTip,1.0,92.0
456567,457809,1242,A2,148,act247tickle.jpg,2+,,,NMM,,,TICKLE_v,Accept++,TICKLE,,tickle,tickle,tickle,True,tickle,-1.176,H_01_073,0.95,Verb,0.0,curved_5,imrp,Open,SymmetricalOrAlternating,,Neutral,Neutral,0.0,195.0
460360,461774,1414,A2,149,act138marry.jpg,2+,,,,,,MARRY_v,Accept++,MARRY,,marry,marry,marry,True,marry,-0.564,F_02_007,0.333,Verb,0.0,spread_open_e,imrp,Open,SymmetricalOrAlternating,Curved,Neutral,Neutral,1.0,250.0
463441,464855,1414,A2,150,act156pinch.jpg,1,,,,,,PINCH_v,Accept++,PINCH,,pinch,pinch,pinch_1,True,pinch_1,-0.719,H_01_095,1.115,Verb,0.0,baby_o,i,Open,OneHanded,,Arm,UpperArm,1.0,17.0
466166,467737,1571,A2,151,act104hammer.jpg,1,,,,,,HAMMER_v,Accept++,HAMMER,,hammer,hammer,hammer,True,hammer,-1.049,C_02_021,1.42,Noun,0.0,baby_o,i,Open,OneHanded,Straight,Neutral,Neutral,0.0,497.0
475321,476850,1529,A2,153,act084file.jpg,2+,,,NMM,,,FILE_v,Accept++,,,file_2,file_2.1,file_2,True,file_2,-0.342,J_03_102,0.036,Verb,0.0,open_b,imrp,Open,AsymmetricalDifferentHandshape,Z-shaped,Hand,HandAway,0.0,104.0
478289,479903,1614,A2,154,act181row.jpg,2+,,,NMM,,,ROW_v,Accept++,ROW,,row,row,row,True,row,-0.968,G_03_047,1.301,Verb,0.0,s,imrp,Closed,SymmetricalOrAlternating,Circular,Neutral,Neutral,0.0,166.0
481128,482642,1514,A2,155,jump2.png,2-,,,,,,JUMP_v,Accept++,JUMP,,jump,jump,jump,True,jump,-0.258,C_02_089,1.269,Verb,0.0,v,im,Closed,AsymmetricalDifferentHandshape,BackAndForth,Hand,Palm,1.0,56.0
484118,485761,1643,A2,156,act140measure.jpg,2+,,,,,,MEASURE_v,Accept++,,Need make video,measure,measure.1,measure,True,measure,-0.651,C_02_037,-0.414,Noun,0.0,y,p,Open,DominanceViolation,Straight,Hand,FingerTip,1.0,366.0
491512,493041,1529,A2,158,act258wash.jpg,2+,,,,,,WASH-FACE_v,Accept++,WASH,,wash_face,wash_face,wash_face_1,True,wash_face_1,0.011,G_01_011,1.417,Verb,0.0,a,t,Open,SymmetricalOrAlternating,Circular,Head,CheekNose,1.0,101.0
498236,499979,1743,A2,160,act148oil.jpg,2-,,,,,,OIL_v,Accept++,OIL,,oil,oil.1,oil_1,True,oil_1,-1.665,H_02_078,-0.406,Noun,0.0,a,t,Open,AsymmetricalDifferentHandshape,Straight,Hand,HandAway,0.0,414.0
502040,503540,1500,A2,161,act051cross.jpg,2-,,,,,,CROSS_v,Accept++,CROSS,,cross_2,cross_2,cross_2,True,cross_2,0.056,H_01_007,0.652,Verb,0.0,closed_b,imrp,Closed,AsymmetricalSameHandshape,Curved,Hand,FingerRadial,1.0,190.0
509565,511094,1529,A2,163,act105arrest.jpg,2+,,,,,,ARREST_v,Accept++,ARREST,,arrest_1,arrest_1,arrest_1,True,arrest_1,-0.652,H_03_074,1.293,Verb,0.0,a,t,Open,SymmetricalOrAlternating,Straight,Neutral,Neutral,1.0,520.0
512890,514404,1514,A2,164,act152bite.jpg,2-,,,,,,BITE_v,Accept++,BITE,,peck,peck,peck,True,peck,-0.407,K_03_010,0.494,Verb,0.0,baby_o,i,Open,AsymmetricalDifferentHandshape,BackAndForth,Hand,FingerBack,1.0,51.0
515905,517320,1415,A2,165,act110hitchhike.jpg,1,,,,,,HITCHHIKE_v,Accept++,HITCHHIKE,,hitchhike,hitchhike,hitchhike,True,hitchhike,-0.937,J_02_034,1.433,Verb,0.0,a,t,Open,OneHanded,Straight,Body,BodyAway,0.0,192.0
518730,520372,1642,A2,166,act171rake.jpg,2-,,,,,,RAKE_v,Accept++,RAKE,,rake,rake,rake,True,rake,-1.066,D_03_021,1.4,Verb,0.0,curved_5,imrp,Open,AsymmetricalDifferentHandshape,Curved,Hand,Palm,1.0,209.0
521865,523580,1715,A2,167,act128lift.jpg,2+,,,NMM,,,LIFT_v,Accept++,LIFT,,lift,lift.1,lift_1,True,lift_1,-0.329,G_02_082,1.132,Verb,0.0,open_b,imrp,Open,SymmetricalOrAlternating,Curved,Neutral,Neutral,0.0,344.0
531982,533395,1413,A2,170,act022box.jpg,2+,,,,,,BOXING_v,Accept++,BOXING,,boxing,boxing,boxing,True,boxing,-0.658,F_03_050,1.4,Verb,0.0,s,imrp,Closed,SymmetricalOrAlternating,Circular,Neutral,Neutral,0.0,166.0
535207,536549,1342,A2,171,act010wakeup.jpg,2+,,,,,,WAKEUP_v,Accept++,,,awake,awake,awake,True,awake,0.536,G_01_078,0.298,Adjective,0.0,g,i,Open,SymmetricalOrAlternating,Straight,Head,Eye,1.0,364.0
538012,539597,1585,A2,172,act109hit.jpg,2+,,,NMM,,,HIT_v,Accept++,,,hit,hit.2,hit_1,True,hit_1,-0.065,F_02_005,1.283,Verb,0.0,s,imrp,Closed,OneHanded,Curved,Neutral,Neutral,0.0,321.0
541178,542678,1500,A2,173,act094arrest.jpg,2+,,,NMM,,,FRISK_v,Accept++,,,frisk,frisk,frisk,True,frisk,-0.514,K_02_070,0.782,Verb,0.0,5,imrp,Open,SymmetricalOrAlternating,Z-shaped,Neutral,Neutral,0.0,95.0
544229,545787,1558,A2,174,act139massage.jpg,2+,,,,,,MASSAGE_v,Accept++,,,massage,massage,massage,True,massage,-0.61,H_01_100,0.894,Verb,0.0,curved_5,imrp,Open,SymmetricalOrAlternating,Curved,Neutral,Neutral,0.0,311.0
552497,554111,1614,A2,176,act189carve.jpg,2-,,,,,,SCULPT-v,Accept++,,,sculpt,sculpt,sculpt,True,sculpt,-0.348,J_01_028,-0.114,Verb,0.0,a,t,Open,AsymmetricalDifferentHandshape,Curved,Hand,Palm,1.0,218.0
555622,556807,1185,A2,177,act265whistle.jpg,1,,,NMM,,,WHISTLE_v,Accept++,,,whistle,whistle,whistle,True,whistle,-0.491,A_02_046,0.47,Noun,0.0,bent_v,im,Closed,OneHanded,Straight,Head,Mouth,1.0,334.0
558128,559528,1400,A2,178,act004ski.jpg,2+,,,,,,SKI_v,Accept++,,,ski,ski,ski,True,ski,-0.58,D_02_027,-0.82,Noun,0.0,bent_1,i,Closed,SymmetricalOrAlternating,Straight,Neutral,Neutral,0.0,475.0
560800,562457,1657,A2,179,act116juggle.jpg,2+,,,,,,JUGGLE_v,Accept++,,,juggle,juggle,juggle,True,juggle,-1.347,D_01_037,1.723,Verb,0.0,s,imrp,Closed,SymmetricalOrAlternating,Circular,Neutral,Neutral,0.0,166.0
564530,566259,1729,A2,180,act229sting.jpg,2-,,,NMM,,,STING_v,Accept++,,,sting,sting,sting,True,sting,-0.731,H_03_022,1.135,Verb,0.0,baby_o,i,Open,AsymmetricalDifferentHandshape,Straight,Hand,PalmBack,1.0,387.0
577023,578665,1642,A2,183,act134magnify.jpg,2-,,,,,,MAGNIFY_v,Accept++,,,magnify,magnify.1,magnify_1,True,magnify_1,-0.63,G_01_073,1.089,Noun,0.0,baby_o,i,Open,OneHanded,Straight,Head,Eye,1.0,353.0
580148,581677,1529,A2,184,act075erupt.jpg,2-,,,NMM,,,ERUPT_v,Accept++,,,erupt,erupt,erupt_1,True,erupt_1,-0.437,H_03_017,1.491,Verb,0.0,o,imrp,Open,AsymmetricalDifferentHandshape,Straight,Hand,Other,1.0,386.0
582854,584340,1486,A2,185,act154pet.jpg,2-,,,,,,PET_v,Accept++,,,pet,pet.1,pet,True,pet,-0.341,F_01_063,0.583,Verb,0.0,open_b,imrp,Open,AsymmetricalDifferentHandshape,,Hand,FingerRadial,1.0,135.0
585586,587057,1471,A2,186,act130listen.jpg,1,,,NMM,,,LISTEN_v,Accept++,,,hear_2,hear_2,hear_2,True,hear_2,-0.312,J_02_006,1.638,Verb,0.0,c,imrp,Open,OneHanded,Straight,Head,Other,1.0,363.0
591235,592806,1571,A2,188,act127relax.jpg,2-,,,NMM,,,RELAX_v,Accept++,,,relax,relax.1,relax,True,relax,0.415,D_03_081,0.233,Verb,0.0,open_b,imrp,Open,SymmetricalOrAlternating,Straight,Body,TorsoTop,1.0,215.0
594122,595265,1143,A2,189,act119kiss.jpg,1,,,NMM,,,KISS_v,Accept++,,,kiss_on_cheek,kiss_on_cheek,kiss_on_cheek,True,kiss_on_cheek,0.187,F_03_018,1.229,Verb,0.0,o,imrp,Open,OneHanded,Straight,Head,CheekNose,1.0,354.0
596497,597926,1429,A2,190,act014bark.jpg,2+,,,NMM,,,BARK_v,Accept++,,,bark,bark.1,bark_1,True,bark_1,-0.413,J_02_051,-0.28,Verb,0.0,flatspread_5,imrp,Open,SymmetricalOrAlternating,Curved,Neutral,Neutral,0.0,264.0
599100,600486,1386,A2,191,act200shoot.jpg,2-,,,NMM,,,SHOOT_v,Accept++,,,shoot,shoot,shoot_1,True,shoot_1,-0.627,J_01_024,1.631,Verb,0.0,l,i,Open,SymmetryViolation,Curved,Neutral,Neutral,0.0,263.0
602413,603727,1314,A2,192,act190sell.jpg,2+,,,,,,SELL_v,Accept++,,,sell,sell,sell,True,sell,0.482,J_03_024,-0.584,Verb,0.0,o,imrp,Open,SymmetricalOrAlternating,Curved,Neutral,Neutral,0.0,284.0
607847,609376,1529,A2,194,act225squeeze.jpg,1,,,NMM,,,SQUEEZE_v,Accept++,,,squeeze,squeeze,squeeze,True,squeeze,-1.322,H_03_019,0.222,Verb,0.0,curved_5,imrp,Open,OneHanded,Straight,Neutral,Neutral,0.0,512.0
610417,612003,1586,A2,195,act082fence.jpg,1,,,NMM,,,FENCE_v,Accept++,,,fencing,fencing,fencing,True,fencing,-1.307,F_01_083,0.975,Verb,0.0,baby_o,i,Open,OneHanded,Z-shaped,Neutral,Neutral,0.0,89.0
613484,614899,1415,A2,196,act143milk.jpg,2+,,,,,,MILK_v,Accept++,,,milk,milk.1,milk,True,milk,1.15,A_01_051,0.479,Noun,0.0,s,imrp,Open,OneHanded,,Neutral,Neutral,0.0,210.0
616935,618192,1257,A2,197,act214sneeze.jpg,1,,,NMM,,,COUGH_v,Accept++,,,cough,cough,cough,True,cough,-0.455,C_02_071,1.001,Noun,0.0,s,imrp,Closed,OneHanded,Straight,Body,TorsoTop,1.0,195.0
619852,621309,1457,A2,198,act015beg.jpg,2-,,,,,,BEG_v,Accept++,,,beg,beg,beg,True,beg,-0.202,F_02_037,-0.28,Verb,0.0,flatspread_5,imrp,Open,AsymmetricalDifferentHandshape,,Hand,FingerBack,1.0,67.0
622694,623908,1214,A2,199,act207sleep.jpg,1,,,,,,SLEEP_v,Accept++,,,sleep,sleep,sleep,True,sleep,1.183,B_03_037,1.03,Verb,0.0,5,imrp,Open,OneHanded,Straight,Head,HeadAway,0.0,378.0
625333,626776,1443,A2,200,act073dump.jpg,2+,,,NMM,,,DUMP_v,Accept++,,,empty_2,empty_2,empty_2,True,empty_2,-0.71,J_01_077,0.991,Adjective,0.0,c,imrp,Open,SymmetricalOrAlternating,Curved,Neutral,Neutral,0.0,292.0
628829,630358,1529,A2,201,act092follow.jpg,2-,,,NMM,,,FOLLOW_v,Accept++,,,follow,follow,follow_1,True,follow_1,0.676,G_01_058,-0.042,Verb,0.0,a,t,Open,SymmetricalOrAlternating,Straight,Neutral,Neutral,1.0,520.0
632209,633466,1257,A2,202,act101shake.jpg,1,,,NMM,,,GREET_v,Accept++,,,greet,greet.1,greet,True,greet,-0.6,J_01_042,1.435,Verb,0.0,c,imrp,Open,SymmetricalOrAlternating,Straight,Neutral,Neutral,1.0,488.0
634769,636469,1700,A2,203,act052cry.jpg,2+,,,NMM,,,CRY_v,Accept++,,,cry,cry,cry,True,cry,-0.128,B_03_028,2.019,Verb,0.0,1,i,Closed,SymmetricalOrAlternating,Straight,Head,Eye,1.0,469.0
637780,639023,1243,A2,204,act259watch.jpg,1,,,NMM,,,WATCH_v,Accept++,,,watch,watch,watch,True,watch,0.756,G_02_078,-0.593,Verb,0.0,bent_l,i,Open,OneHanded,Straight,Head,HeadAway,0.0,319.0
643985,645328,1343,A2,206,act213smoke.jpg,1,,,,,,SMOKE_v,Accept++,,,smoking,smoking,smoking,True,smoking,-0.527,C_03_087,1.885,Verb,0.0,v,im,Closed,OneHanded,BackAndForth,Head,Mouth,1.0,19.0
646582,648182,1600,A2,207,act248tie.jpg,2+,,,,,,TIE_v,Accept++,,,tie,tie.2,tie,True,tie,-0.751,A_01_013,0.709,Noun,0.0,flat_h,im,Closed,OneHanded,Curved,Body,Clavicle,1.0,88.0
650583,652154,1571,A2,208,act155pick.jpg,2-,,,,,,PICK_v,Accept++,,,trim,trim.1,trim_1,True,trim_1,-0.248,K_03_111,-0.573,Verb,0.0,v,im,Closed,SymmetricalOrAlternating,Straight,Neutral,Neutral,0.0,475.0
660934,662320,1386,A2,211,act043comb.jpg,1,,,,,,COMB_v,Accept++,,,comb,comb.1,comb,True,comb,-0.724,C_02_070,1.69,Verb,0.0,curved_5,imrp,Open,OneHanded,Straight,Head,HeadAway,0.0,380.0
664173,665730,1557,A2,212,act060dip.jpg,1,,,NMM,,,DIP_v,Accept++,,,dip,dip.2,dip_1,True,dip_1,-0.292,J_01_063,1.008,Verb,0.0,o,imrp,Open,AsymmetricalDifferentHandshape,Curved,Hand,HandAway,0.0,192.0
667466,669195,1729,A2,213,act188itch.jpg,2-,,,NMM,,,ITCH_v,Accept++,,,itch,itch,itch,True,itch,-0.616,J_01_068,1.605,Verb,0.0,curved_5,imrp,Open,OneHanded,Straight,Body,Shoulder,1.0,180.0
670648,672119,1471,A2,214,act035chase.jpg,2-,,,,,,CHASE_v,Accept++,,,chase,chase,chase,True,chase,0.322,F_03_017,-0.237,Verb,0.0,a,t,Open,AsymmetricalSameHandshape,Other,Hand,HandAway,0.0,63.0
673529,674829,1300,A2,215,act132unlock.jpg,1,,,,,,LOCK_v,Accept++,,,lock_2,lock_2,lock_2,True,lock_2,0.013,H_02_017,1.866,Verb,0.0,bent_1,i,Closed,AsymmetricalDifferentHandshape,,Hand,Palm,1.0,75.0
677222,678808,1586,A2,216,act098glue.jpg,2-,,,NMM,,,GLUE_v,Accept++,,,glue_2,glue_2.2,glue_2,True,glue_2,-0.49,F_01_096,-0.059,Verb,0.0,8,m,Open,SymmetricalOrAlternating,Straight,Neutral,Neutral,0.0,449.0
680329,681800,1471,A2,217,act118kick.jpg,2-,,,,,,KICK_v,Accept++,,,kick,kick.1,kick_1,True,kick_1,-0.208,G_03_087,-0.357,Verb,0.0,closed_b,imrp,Closed,AsymmetricalSameHandshape,Curved,Hand,HandAway,1.0,190.0
683396,684853,1457,A2,218,act211smell.jpg,1,,,NMM,,,SMELL_v,Accept++,,,smell,smell,smell,True,smell,0.624,E_02_049,0.645,Noun,0.0,open_b,imrp,Open,OneHanded,Curved,Head,HeadAway,0.0,202.0
687583,689397,1814,A2,219,act195sharpen.jpg,2-,,,NMM,,,SHARPEN_v,Accept++,,,sharpen,sharpen.1,sharpen_1,True,sharpen_1,-0.967,H_03_060,0.973,Verb,0.0,baby_o,i,Open,AsymmetricalSameHandshape,Straight,Hand,FingerBack,1.0,387.0
690718,692075,1357,A2,220,act202sing.jpg,2-,,,,,,SING_v,Accept++,,,sing,sing,sing,True,sing,-0.668,D_03_075,-0.24,Verb,0.0,open_b,imrp,Open,OneHanded,Curved,Arm,ArmAway,0.0,87.0
693572,695187,1615,A2,221,act187scoop.jpg,1,,,NMM,,,SCOOP_v,Accept++,,,scoop,scoop,scoop,True,scoop,-0.996,J_03_044,2.072,Verb,0.0,s,imrp,Closed,AsymmetricalDifferentHandshape,Z-shaped,Hand,HandAway,0.0,64.0
696734,698163,1429,A2,222,sweep.png,2-,,,,,,SWEEP_v,Accept++,,,sweep,sweep,sweep,True,sweep,-0.474,D_01_086,0.647,Verb,0.0,open_b,imrp,Open,AsymmetricalSameHandshape,Curved,Hand,Palm,1.0,266.0
699535,701020,1485,A2,223,act168push.jpg,2+,,,NMM,,,PUSH_v,Accept++,,,push,push,push,True,push,-0.305,D_02_077,1.904,Verb,0.0,5,imrp,Open,SymmetricalOrAlternating,Straight,Neutral,Neutral,0.0,512.0
702541,704041,1500,A2,224,act001dive.jpg,2-,,,,,,DIVE_v,Accept++,,,dive_1,dive_1,dive_1,True,dive_1,-1.031,D_02_029,1.284,Verb,0.0,flat_h,im,Closed,AsymmetricalDifferentHandshape,Curved,Hand,FingerBack,1.0,173.0
705305,706734,1429,A2,225,act173read.jpg,2-,,,,,,READ_v,Accept++,,,read,read,read,True,read,1.254,A_01_022,0.674,Verb,0.0,v,im,Closed,AsymmetricalDifferentHandshape,Straight,Hand,HandAway,0.0,368.0
707965,709222,1257,A2,226,act006blow.jpg,1,,,NMM,,,BLOW_ca,Accept+,,,blow_candle,blow_candle.3,blow,True,blow,-0.82,E_02_096,0.52,Verb,0.0,o,imrp,Open,SymmetricalOrAlternating,Curved,Head,Mouth,1.0,153.0
713405,714762,1357,A2,228,act234surf.jpg,2-,,,,,,SURF_v,Accept++,,,surf,surf,surf,True,surf,-0.524,A_01_048,-0.116,Verb,0.0,bent_v,im,Closed,AsymmetricalDifferentHandshape,Straight,Hand,FingerBack,1.0,358.0
716637,718395,1758,A2,229,act049crash.jpg,2-,,,NMM,,,CRASH_v,Accept++,,,crash_plane,crash_plane,crash_plane,True,crash_plane,-0.016,K_01_034,0.384,Verb,0.0,ily,ip,Open,AsymmetricalDifferentHandshape,Straight,Hand,HandAway,1.0,344.0
719700,721357,1657,A2,230,act055dance.jpg,2-,,,,,,DANCE_v,Accept++,,,dance,dance,dance,True,dance,-0.405,B_02_063,0.307,Noun,0.0,v,im,Closed,AsymmetricalDifferentHandshape,Straight,Hand,HandAway,0.0,368.0
727173,728758,1585,A2,232,act121knight.jpg,1,,,,,,KNIGHT_v,Accept++,,,knight,knight.4,knight_1,True,knight_1,-1.714,H_01_054,0.72,Verb,0.0,baby_o,i,Open,OneHanded,Curved,Neutral,Neutral,0.0,290.0
733772,735258,1486,A2,234,act040cut.jpg,2-,,,,,,CUT_v,Accept++,,,trim,trim.1,trim_1,True,trim_1,-0.248,K_03_111,-0.573,Verb,0.0,v,im,Closed,SymmetricalOrAlternating,Straight,Neutral,Neutral,0.0,475.0
736744,738244,1500,A2,235,act261wave.jpg,1,,,,,,WAVE_v,Accept++,,,hello-gesture,hello-gesture,wave,True,wave,-0.248,A_03_079,1.391,Noun,0.0,5,imrp,Open,SymmetricalOrAlternating,Z-shaped,Neutral,Neutral,0.0,95.0
739912,741054,1142,A2,236,act165pray.jpg,2+,,,,,,PRAY_v,Accept++,,,prayer,prayer,prayer,True,prayer,-0.504,C_03_090,1.904,Noun,0.0,open_b,imrp,Open,SymmetricalOrAlternating,Straight,Neutral,Neutral,1.0,541.0
745714,747357,1643,A2,238,act142melt.jpg,2-,,,NMM,,,MELT_v,Accept++,,,melt,melt,melt,True,melt,0.13,F_01_050,-0.235,Verb,0.0,open_b,imrp,Open,SymmetricalOrAlternating,Curved,Neutral,Neutral,0.0,344.0
748751,750437,1686,A2,239,act226stack.jpg,2-,,,,,,STACK_v,Accept++,,,stack,stack.1,stack_1,True,stack_1,-1.125,J_01_096,1.201,Verb,0.0,c,imrp,Open,AsymmetricalDifferentHandshape,Curved,Hand,FingerBack,1.0,205.0
751796,753168,1372,A2,240,act201shower.jpg,1,,,,,,SHOWER_v,Accept++,,,shower,shower,shower,True,shower,0.959,A_02_001,1.085,Noun,0.0,s,imrp,Closed,OneHanded,,Head,HeadAway,0.0,246.0
754712,756140,1428,A2,241,act273yawn.jpg,2+,,,NMM,,,YAWN_v,Accept++,,,yawn,yawn.3,yawn_1,True,yawn_1,-0.396,F_02_079,1.565,Verb,0.0,open_b,imrp,Open,OneHanded,Straight,Head,Mouth,1.0,426.0
757467,758824,1357,A2,242,act209slide.jpg,2-,,,,,,SLIDE_v,Accept++,,,slide,slide.1,slide,True,slide,-0.58,F_01_100,1.12,Verb,0.0,open_b,imrp,Open,OneHanded,Z-shaped,Neutral,Neutral,0.0,127.0
760761,762690,1929,A2,243,act013balance.jpg,2-,,,NMM,,,BALANCE_v,Accept+,,,walk-tightrope-cl,walk-tightrope-cl,walk-tightrope-cl,True,walk-tightrope-cl,-0.877,K_01_024,0.31,Verb,0.0,curved_v,im,Closed,AsymmetricalDifferentHandshape,Straight,Hand,FingerRadial,1.0,354.0
764490,766133,1643,A2,244,act251trip.jpg,2-,,,NMM,,,TRIP_v,Accept++,,,trip,trip.2,trip_1,True,trip_1,0.099,K_02_020,-0.795,Verb,0.0,1,i,Closed,AsymmetricalSameHandshape,Curved,Hand,FingerTip,1.0,253.0
767796,769268,1472,A2,245,act232suck.jpg,1,,,NMM,,,SUCK_v,Accept++,,,suck,suck.1,suck,True,suck,-0.611,F_01_012,0.218,Verb,0.0,1,i,Closed,OneHanded,Straight,Head,HeadAway,0.0,469.0
770720,772235,1515,A2,246,act096cook.jpg,2-,,,,,,COOK_v,Accept++,,,cook,cook,cook,True,cook,1.113,D_03_078,0.082,Verb,0.0,open_b,imrp,Open,AsymmetricalSameHandshape,Other,Hand,Palm,1.0,86.0
777311,778511,1200,A2,248,act069drown.jpg,2-,,,NMM,,,DROWN_v,Accept++,,,drown,drown.2,drown,True,drown,-1.3,D_01_017,-0.179,Verb,0.0,s,imrp,Closed,AsymmetricalDifferentHandshape,Z-shaped,Hand,HandAway,1.0,64.0
779857,781114,1257,A2,249,act178ride.jpg,2-,,,,,,RIDE_v,Accept++,,,ride_2,ride_2,ride_2,True,ride_2,-0.207,J_03_026,0.821,Verb,0.0,3,im,Open,AsymmetricalDifferentHandshape,Straight,Hand,FingerRadial,1.0,351.0
782577,784177,1600,A2,250,act161point.jpg,1,,,NMM,,,POINT_v,Accept++,,,point,point,point,True,point,-0.301,D_01_075,0.716,Noun,0.0,flat_1,i,Closed,AsymmetricalDifferentHandshape,BackAndForth,Hand,FingerTip,1.0,38.0
785531,787088,1557,A2,251,act243tear.jpg,2-,,,,,,TEAR_v,Accept++,,,tear_rip,tear_rip,tear_rip_1,True,tear_rip_1,-0.033,G_03_009,1.571,Verb,0.0,baby_o,i,Open,SymmetricalOrAlternating,Curved,Neutral,Neutral,1.0,290.0
789534,790819,1285,A2,252,act108hide.jpg,2-,,,,,,HIDE_v,Accept++,,,hide,hide,hide,True,hide,0.385,G_02_025,-0.323,Verb,1.0,a,t,Open,OneHanded,,Head,Mouth,1.0,258.0
796301,797773,1472,A2,254,act046cook.jpg,1,GESTURE,,,,,STIR_v,Accept+-,,,stir,stir,stir,True,stir,-0.365,D_03_055,1.855,Verb,0.0,baby_o,i,Open,AsymmetricalDifferentHandshape,Circular,Hand,HandAway,0.0,66.0
799663,800977,1314,A2,255,act079scared.jpg,2+,,,NMM,,,SCARED_v,Accept++,,,scared,scared,scared,True,scared,-0.119,B_03_079,1.076,Adjective,0.0,5,imrp,Open,SymmetricalOrAlternating,Straight,Body,BodyAway,0.0,177.0
803470,804728,1258,A2,256,act179roar.jpg,2+,,,NMM,,,ROAR_v,Accept++,,,roar,roar.1,roar,True,roar,-1.032,J_03_062,0.285,Verb,0.0,curved_5,imrp,Open,OneHanded,Curved,Head,HeadAway,0.0,174.0
806345,807388,1043,A2,257,act029yell.jpg,1,,,NMM,,,YELL_v,Accept++,,,shout,shout,shout_1,True,shout_1,-0.069,J_03_005,1.107,Verb,0.0,curved_5,imrp,Open,OneHanded,Straight,Head,Mouth,1.0,380.0
809672,811015,1343,A2,258,act150operate.jpg,2-,,,,,,SURGERY_v,Accept++,,,surgery,surgery,surgery,True,surgery,0.002,H_03_046,0.332,Noun,0.0,a,t,Open,AsymmetricalDifferentHandshape,Straight,Hand,Palm,1.0,414.0
812673,813759,1086,A2,259,act228steal.jpg,1,,,NMM,,,STEAL_v,Accept++,,,steal,steal,steal,True,steal,-0.715,C_02_019,-0.048,Verb,0.0,v,im,Closed,OneHanded,Straight,Arm,ForearmUlnar,1.0,65.0
908317,909617,1300,O1,268,obj000star.jpg,2+,,,,,,STAR_v,Accept++,,,star,star,star,True,star,0.577,A_03_087,-0.492,Noun,0.0,1,i,Closed,SymmetricalOrAlternating,Straight,Neutral,Neutral,1.0,563.0
910684,911984,1300,O1,269,bed2.png,2+,,,,,,BED_v,Accept++,,,bed,bed.1,bed,True,bed,1.121,A_03_037,1.164,Noun,0.0,open_b,imrp,Open,OneHanded,Straight,Head,Other,1.0,426.0
913109,914252,1143,O1,270,obj236leaf.jpg,2-,,,,,,LEAF_v,Accept++,,,leaf,leaf.1,leaf,True,leaf,-0.841,D_02_083,-0.695,Noun,0.0,l,i,Open,DominanceViolation,Straight,Hand,FingerTip,1.0,368.0
915568,916768,1200,O1,271,obj461toothbrush.jpg,1,,,,,,TOOTHBRUSH_v,Accept++,,,toothbrush,toothbrush,toothbrush,True,toothbrush,0.603,D_03_073,1.676,Noun,0.0,flat_1,i,Closed,OneHanded,Straight,Head,HeadAway,0.0,326.0
917986,919271,1285,O1,272,washmachine.png,2+,,,,,,WASHMACHINE_v,Accept++,,,wash_machine,wash_machine,wash_machine,True,wash_machine,0.704,C_02_057,0.041,Noun,0.0,curved_5,imrp,Open,SymmetricalOrAlternating,,Neutral,Neutral,0.0,195.0
920258,921701,1443,O1,273,glasses.png,2+,,,,,,GLASSES_v,Accept++,,,eyeglasses,eyeglasses,eyeglasses,True,eyeglasses,0.329,A_01_012,1.505,Noun,0.0,bent_l,i,Open,SymmetricalOrAlternating,Straight,Head,Eye,1.0,319.0
922835,924164,1329,O1,274,obj050bone.jpg,2+,,,,,,BONE_n,Accept++,,,bone,bone,bone,True,bone,-0.664,C_03_015,-0.521,Noun,0.0,bent_v,im,Closed,SymmetricalOrAlternating,Straight,Neutral,Neutral,1.0,455.0
925303,926503,1200,O1,275,bird2.png,1,,,,,,BIRD_n,Accept++,,,bird,bird,bird,True,bird,0.602,A_01_041,0.658,Noun,0.0,g,i,Open,OneHanded,,Head,Mouth,1.0,241.0
927512,929027,1515,O1,276,spoon2.png,2-,,,,,,SPOON_n,Accept++,,,spoon,spoon,spoon,True,spoon,-0.184,A_02_037,0.039,Noun,1.0,h,im,Closed,DominanceViolation,,Hand,FingerFront,1.0,92.0
931999,933456,1457,O1,277,obj265priest.jpg,1,,,,,,PRIEST_n,Accept++,,,priest,priest,priest,True,priest,-0.922,D_03_026,-0.321,Noun,0.0,g,i,Open,OneHanded,Straight,Body,Neck,0.0,147.0
935269,936669,1400,O1,278,obj101cloud.jpg,2+,,,NMM,,,CLOUD_n,Accept++,,,cloud,cloud.2,cloud_1,True,cloud_1,-0.461,A_01_077,0.725,Noun,0.0,spread_open_e,imrp,Open,SymmetricalOrAlternating,Circular,Head,HeadAway,0.0,54.0
937638,938966,1328,O1,279,obj336potato.jpg,2-,,,,,,POTATO_n,Accept++,,,potato,potato,potato,True,potato,0.435,A_03_050,-1.131,Noun,0.0,bent_v,im,Closed,AsymmetricalDifferentHandshape,Straight,Hand,PalmBack,1.0,358.0
940446,941989,1543,O1,280,obj109corkscrew.jpg,2-,,,,,,CORKSCREW_v,Accept++,,,corkscrew,corkscrew,corkscrew,True,corkscrew,-0.769,D_01_053,1.047,Noun,0.0,s,imrp,Closed,AsymmetricalSameHandshape,Straight,Hand,FingerRadial,0.0,422.0
943188,944545,1357,O1,281,obj142ear.jpg,1,,,,,,EAR_n,Accept++,,,ear,ear,ear,True,ear,-0.797,D_02_071,1.816,Noun,0.0,baby_o,i,Open,OneHanded,Straight,Head,Other,1.0,353.0
945766,947266,1500,O1,282,obj062bridge.jpg,2-,,,,,,BRIDGE_n,Accept++,,,bridge,bridge,bridge,True,bridge,0.115,A_03_081,-0.142,Noun,0.0,h,im,Closed,OneHanded,Curved,Arm,ForearmFront,1.0,43.0
948819,950162,1343,O1,283,obj122dentist.jpg,1,,,NMM,,,DENTIST_n,Accept++,,,dentist,dentist,dentist,True,dentist,-0.699,A_01_014,0.406,Noun,0.0,s,imrp,Closed,OneHanded,Straight,Head,Mouth,1.0,388.0
951661,952876,1215,O1,284,obj240letter.jpg,2-,,,,,,LETTER_n,Accept++,,,mail,mail,mail,True,mail,0.373,D_02_019,-0.069,Noun,1.0,a,t,Open,OneHanded,,Head,Mouth,1.0,258.0
954324,955696,1372,O1,285,obj513witch.jpg,1,,,,,,WITCH_n,Accept++,,,witch,witch,witch,True,witch,-1.258,A_03_018,-0.338,Noun,0.0,bent_l,i,Open,OneHanded,Curved,Head,HeadAway,1.0,128.0
956926,958583,1657,O1,286,obj135dress.jpg,2+,,,,,,DRESS_n,Accept++,,,dress,dress,dress,True,dress,0.375,A_03_046,0.681,Noun,0.0,5,imrp,Open,SymmetricalOrAlternating,Curved,Body,Clavicle,1.0,120.0
959712,961140,1428,O1,287,obj411sock.jpg,2+,,,,,,SOCK_n,Accept++,,,socks,socks,socks,True,socks,0.6,A_03_033,-0.943,Noun,0.0,1,i,Closed,SymmetricalOrAlternating,Straight,Neutral,Neutral,1.0,563.0
962401,963658,1257,O1,288,obj320pineapple.jpg,1,,,,,,PINEAPPLE_n,Accept++,,,pineapple,pineapple.1,pineapple,True,pineapple,-1.337,C_02_088,,Noun,0.0,curved_l,i,Open,AsymmetricalDifferentHandshape,,Hand,Other,1.0,55.0
965276,966904,1628,O1,289,spaghetti.png,2+,,,,,,SPAGHETTI_n,Accept++,,,spaghetti,spaghetti,spaghetti,True,spaghetti,-0.013,A_01_042,-0.196,Noun,0.0,i,p,Closed,SymmetricalOrAlternating,Circular,Neutral,Neutral,0.0,96.0
968179,969565,1386,O1,290,obj447tv.jpg,1,,,,,,TV_n,Accept++,,,tv,tv,tv,True,tv,1.082,C_02_038,-0.149,Noun,0.0,baby_o,i,Open,OneHanded,,Neutral,Neutral,0.0,175.0
970575,971746,1171,O1,291,pig.png,1,,,,,,PIG_n,Accept++,,,pig,pig,pig,True,pig,-0.014,A_02_032,-0.752,Noun,0.0,open_b,imrp,Open,OneHanded,,Head,UnderChin,1.0,269.0
972906,974321,1415,O1,292,squirrel.png,2+,,,,,,SQUIRREL_n,Accept++,,,squirrel,squirrel,squirrel,True,squirrel,-0.918,C_03_020,-0.024,Noun,0.0,bent_v,im,Closed,DominanceViolation,Straight,Hand,FingerTip,1.0,358.0
975716,977373,1657,O1,293,obj279necklace.jpg,2+,,,,,,NECKLACE_n,Accept++,,,necklace,necklace,necklace,True,necklace,-0.426,A_02_072,1.206,Noun,0.0,1,i,Closed,SymmetricalOrAlternating,Curved,Body,TorsoTop,1.0,140.0
978449,979763,1314,O1,294,obj119cup.jpg,2-,,,,,,CUP_n,Accept++,,,cup,cup,cup,True,cup,0.909,A_01_010,-0.127,Noun,0.0,c,imrp,Open,AsymmetricalDifferentHandshape,Straight,Hand,Palm,1.0,383.0
983776,985348,1572,O1,296,obj379scarf.jpg,2-,,,,,,SCARF_n,Accept++,,,scarf,scarf,scarf,True,scarf,-0.94,A_03_013,1.08,Noun,0.0,flat_b,imrp,Open,SymmetryViolation,Other,Body,BodyAway,1.0,15.0
986521,988093,1572,O1,297,obj160flashlight.jpg,1,,,,,,FLASHLIGHT_n,Accept++,,,flashlight,flashlight,flashlight,True,flashlight,-0.568,A_03_084,-0.471,Noun,1.0,1,m,Open,OneHanded,,Head,UnderChin,1.0,290.0
989233,990561,1328,O1,298,obj090cheese.jpg,2-,,,,,,CHEESE_n,Accept++,,,cheese,cheese,cheese,True,cheese,0.963,A_02_021,-0.66,Noun,0.0,5,imrp,Open,AsymmetricalSameHandshape,,Hand,Heel,1.0,92.0
993689,995189,1500,O1,299,obj330policeman.jpg,1,Can use for kinect,,,,,POLICEMAN_n,Accept++,,,policeman,policeman.1,policeman,True,policeman,0.137,A_01_052,0.473,Noun,0.0,curved_l,i,Open,OneHanded,Straight,Body,Clavicle,1.0,127.0
996570,997884,1314,O1,300,obj238lemon.jpg,1,Sign lunch,,,,,LEMON_n,Accept++,,,lemon,lemon.2,lemon,True,lemon,0.222,A_01_069,-0.776,Noun,0.0,l,i,Open,OneHanded,,Head,Chin,1.0,229.0
999301,1000686,1385,O1,301,obj299paper.jpg,2-,,,,,,PAPER_n,Accept++,,,paper,paper,paper,True,paper,1.297,A_01_026,-0.053,Noun,0.0,5,imrp,Open,AsymmetricalSameHandshape,Curved,Hand,Palm,1.0,216.0
1001911,1003368,1457,O1,302,obj433sweater.jpg,2+,,,,,,SWEATER_n,Accept++,,,sweater,sweater,sweater,True,sweater,-0.294,D_02_092,-0.208,Noun,0.0,c,imrp,Open,SymmetricalOrAlternating,Curved,Body,TorsoTop,1.0,121.0
1005013,1006442,1429,O1,303,obj091cherry.jpg,2-,,,,,,CHERRY_n,Accept++,,,cherry,cherry.1,cherry,True,cherry,-0.492,C_01_083,-0.328,Noun,0.0,curved_5,imrp,Open,AsymmetricalDifferentHandshape,,Hand,FingerTip,1.0,90.0
1007724,1008881,1157,O1,304,obj102clown.jpg,1,,,,,,CLOWN_n,Accept++,,,clown,clown,clown,True,clown,-0.692,A_03_026,0.629,Noun,0.0,curved_5,imrp,Open,OneHanded,,Head,HeadAway,0.0,265.0
1010130,1011588,1458,O1,305,ball.png,2+,,,,,,BALL_n,Accept++,,,ball,ball,ball,True,ball,0.227,C_02_044,1.279,Noun,0.0,curved_5,imrp,Open,SymmetricalOrAlternating,Straight,Neutral,Neutral,1.0,512.0
1012886,1014514,1628,O1,306,cow.png,2+,,,,,,COW_n,Accept++,,,cow,cow,cow,True,cow,-0.167,A_01_033,-0.191,Noun,0.0,y,p,Open,OneHanded,,Head,Forehead,1.0,240.0
1015586,1017372,1786,O1,307,baby2.png,2+,,,,,,BABY_n,Accept++,,,baby,baby,baby,True,baby,0.316,C_01_017,2.076,Noun,0.0,open_b,imrp,Open,SymmetricalOrAlternating,Straight,Neutral,Neutral,1.0,541.0
1018354,1019854,1500,O1,308,obj052boot.jpg,2+,,,,,,BOOT_n,Accept++,,,boots,boots,boots,True,boots,-0.829,C_03_019,-0.763,Noun,0.0,closed_b,imrp,Closed,SymmetricalOrAlternating,Straight,Neutral,Neutral,1.0,475.0
1021132,1022717,1585,O1,309,obj314piano.jpg,2+,,,,,,PIANO_n,Accept++,,,piano,piano,piano,True,piano,-0.949,A_03_029,1.302,Noun,0.0,5,imrp,Open,SymmetricalOrAlternating,Curved,Neutral,Neutral,0.0,307.0
1023766,1025366,1600,O1,310,butterfly2.png,2+,,,,,,BUTTERFLY_n,Accept++,,,butterfly,butterfly,butterfly,True,butterfly,-0.137,A_03_056,1.396,Noun,0.0,open_b,imrp,Open,SymmetricalOrAlternating,,Neutral,Neutral,1.0,216.0
1026826,1028298,1472,O1,311,obj489waiter.jpg,2+,,,,,,WAITER_n,Accept++,,,serve,serve,serve_1,True,serve_1,0.126,E_02_004,-0.546,Verb,0.0,open_b,imrp,Open,SymmetricalOrAlternating,Straight,Neutral,Neutral,0.0,541.0
1029537,1031108,1571,O1,312,obj186grapes.jpg,2-,,,,,,GRAPES_n,Accept++,,,grapes,grapes,grapes,True,grapes,0.274,A_02_089,-0.418,Noun,0.0,curved_5,imrp,Open,AsymmetricalDifferentHandshape,Z-shaped,Hand,PalmBack,1.0,54.0
1032438,1033867,1429,O1,313,obj095church.jpg,2-,,,,,,CHURCH_n,Accept++,,,church,church,church,True,church,-0.662,C_02_018,-0.505,Noun,0.0,c,imrp,Open,AsymmetricalDifferentHandshape,Straight,Hand,PalmBack,1.0,383.0
1035012,1036712,1700,O1,314,obj152fence.jpg,2+,,,,,,FENCE_n,Accept++,,,fence,fence,fence_1,True,fence_1,-0.059,G_01_006,-0.115,Noun,0.0,4,imrp,Closed,SymmetricalOrAlternating,Straight,Neutral,Neutral,1.0,458.0
1037908,1039708,1800,O1,315,obj204helmet.jpg,2+,,,,,,HELMET_n,Accept++,,,helmet,helmet,helmet,True,helmet,-1.035,D_02_034,1.554,Noun,0.0,c,imrp,Open,SymmetricalOrAlternating,Curved,Head,HeadAway,0.0,164.0
1040920,1042748,1828,O1,316,obj349rake.jpg,2-,,,,,,RAKE_n,Accept++,,,rake,rake,rake,True,rake,-1.066,D_03_021,1.4,Verb,0.0,curved_5,imrp,Open,AsymmetricalDifferentHandshape,Curved,Hand,Palm,1.0,209.0
1047024,1048567,1543,O1,318,obj126dinosaur.jpg,2-,,,,,,DINOSAUR_n,Accept++,,,dinosaur,dinosaur,dinosaur,True,dinosaur,-0.874,A_01_031,0.192,Noun,0.0,o,imrp,Open,OneHanded,Straight,Neutral,Neutral,0.0,482.0
1049980,1051552,1572,O1,319,boy.png,1,,,,,,BOY_n,Accept++,,,boy,boy,boy,True,boy,0.949,B_02_090,-0.684,Noun,0.0,flat_o,imrp,Open,OneHanded,,Head,Forehead,0.0,232.0
1052796,1054210,1414,O1,320,obj323pirate.jpg,1,,,NMM,,,PIRATE_n,Accept++,,,pirate,pirate,pirate,True,pirate,-0.65,A_03_058,0.831,Noun,0.0,open_b,imrp,Open,OneHanded,Straight,Head,Eye,1.0,426.0
1055335,1056577,1242,O1,321,corn2.png,1,,,,,,CORN_n,Accept++,,,corn_1,corn_1,corn_1,True,corn_1,0.187,A_02_084,0.484,Noun,0.0,1,i,Closed,OneHanded,Straight,Head,Mouth,1.0,469.0
1060539,1061810,1271,O1,323,frog2.png,1,,,,,,FROG_n,Accept++,,,frog,frog,frog,True,frog,-0.802,D_03_059,-0.35,Noun,0.0,s,im,Closed,OneHanded,Straight,Head,UnderChin,1.0,388.0
1062919,1064162,1243,O1,324,obj445telephone.jpg,1,,,,,,TELEPHONE_n,Accept++,,,telephone,telephone,telephone,True,telephone,0.887,A_02_040,1.937,Noun,0.0,y,p,Open,OneHanded,Straight,Head,CheekNose,1.0,331.0
1068273,1069687,1414,O1,326,obj251lobster.jpg,2+,,,,,,LOBSTER_n,Accept++,,,lobster,lobster.1,lobster,True,lobster,-0.682,D_01_072,0.898,Noun,0.0,o,imrp,Open,SymmetricalOrAlternating,,Neutral,Neutral,0.0,161.0
1071310,1072639,1329,O1,327,icecream.png,1,,,,,,ICECREAM_n,Accept++,,,icecream,icecream,icecream,True,icecream,0.49,A_02_013,0.727,Noun,0.0,s,imrp,Closed,OneHanded,Curved,Head,HeadAway,0.0,184.0
1074177,1075677,1500,O1,328,city2.png,2+,,,,,,CITY_n,Accept++,,,city,city.1,city,True,city,-0.16,B_01_029,0.128,Noun,0.0,open_b,imrp,Open,SymmetricalOrAlternating,Straight,Neutral,Neutral,1.0,541.0
1076785,1078514,1729,O1,329,obj217iron.jpg,1,,,,,,IRON_n,Accept++,,,iron,iron.1,iron,True,iron,-0.971,D_01_063,1.334,Noun,0.0,a,t,Open,AsymmetricalDifferentHandshape,Straight,Hand,Palm,1.0,414.0
1079549,1081149,1600,O1,330,obj132door.jpg,2-,,,,,,DOOR_n,Accept++,,,door,door,door,True,door,1.233,A_03_052,0.005,Noun,0.0,closed_b,imrp,Closed,AsymmetricalSameHandshape,Curved,Hand,FingerRadial,1.0,190.0
1082324,1083696,1372,O1,331,mouse2.png,1,,,,,,MOUSE_n,Accept++,,,mouse,mouse,mouse,True,mouse,-0.321,A_03_009,-0.293,Noun,0.0,1,i,Closed,OneHanded,Straight,Head,CheekNose,1.0,469.0
1084798,1086127,1329,O1,332,cat.png,1,,,,,,CAT_n,Accept++,,,cat,cat,cat,True,cat,0.597,A_01_023,0.678,Noun,0.0,f,i,Open,OneHanded,Straight,Head,CheekNose,1.0,364.0
1087391,1089048,1657,O1,333,obj085castle.jpg,2+,,,,,,CASTLE_n,Accept++,,,castle,castle,castle,True,castle,-1.198,A_01_008,0.168,Noun,0.0,curved_v,im,Closed,SymmetricalOrAlternating,Straight,Neutral,Neutral,1.0,453.0
1090165,1091922,1757,O1,334,table.png,2-,,,,,,TABLE_n,Accept++,,,table,table,table,True,table,1.056,A_03_025,0.306,Noun,0.0,open_b,imrp,Open,OneHanded,Straight,Arm,ForearmBack,1.0,139.0
1093618,1095060,1442,O1,335,cookie.png,2-,,,,,,COOKIE_n,Accept++,,,cookie,cookie,cookie,True,cookie,0.207,B_03_008,0.216,Noun,0.0,curved_5,imrp,Open,SymmetryViolation,,Hand,Palm,1.0,90.0
1096324,1097853,1529,O1,336,obj449tent.jpg,2+,,,,,,TENT_n,Accept++,,,tent,tent,tent,True,tent,-0.23,E_02_012,-0.191,Noun,0.0,ily,ip,Open,SymmetricalOrAlternating,BackAndForth,Neutral,Neutral,0.0,30.0
1099762,1101062,1300,O1,337,obj345radio.jpg,1,,,,,,RADIO_n,Accept++,,,radio,radio,radio,True,radio,-0.741,A_01_075,0.217,Noun,0.0,curved_5,imrp,Open,OneHanded,,Head,HeadAway,0.0,265.0
1102514,1104057,1543,O1,338,obj146envelope.jpg,2+,,,,,,ENVELOPE_n,Accept++,,,envelope,envelope.3,envelope,True,envelope,-1.32,D_02_020,0.38,Noun,1.0,open_b,imrp,Open,OneHanded,Circular,Head,HeadAway,0.0,105.0
1105646,1107046,1400,O1,339,obj319pillow.jpg,2+,,,,,,PILLOW_n,Accept++,,,pillow,pillow.1,pillow,True,pillow,-0.685,A_02_019,0.931,Noun,1.0,open_b,imrp,Open,SymmetricalOrAlternating,,Head,Other,1.0,269.0
1108332,1109718,1386,O1,340,obj475turkey.jpg,1,,,,,,TURKEY_n,Accept++,,,turkey,turkey,turkey,True,turkey,-0.774,A_02_078,-0.537,Noun,0.0,g,i,Open,OneHanded,Straight,Head,CheekNose,1.0,336.0
1114616,1116130,1514,O1,342,obj252lock.jpg,2-,,,,,,LOCK_n,Accept++,,,padlock,padlock,lock,True,lock,0.35,D_01_078,0.104,Noun,0.0,s,imrp,Closed,AsymmetricalSameHandshape,Circular,Hand,HandAway,1.0,87.0
1118075,1119346,1271,O1,343,obj190hair.jpg,1,,,,,,HAIR_n,Accept++,,,hair,hair,hair,True,hair,0.873,A_02_056,1.884,Noun,0.0,f,i,Open,OneHanded,Straight,Head,Other,0.0,336.0
1120527,1122027,1500,O1,344,obj365rope.jpg,2+,,,,,,ROPE_n,Accept++,,,rope,rope,rope,True,rope,-1.143,D_03_012,0.298,Noun,0.0,r,im,Closed,DominanceViolation,Other,Hand,FingerTip,1.0,24.0
1123852,1125380,1528,O1,345,obj516worm.jpg,2-,,,,,,WORM_n,Accept++,,,worm,worm,worm,True,worm,-1.591,B_03_014,0.857,Noun,0.0,1,i,Closed,AsymmetricalDifferentHandshape,Straight,Hand,Palm,1.0,446.0
1126664,1128250,1586,O1,346,lion.png,1,,,,,,LION_n,Accept++,,,lion,lion,lion,True,lion,-0.33,A_03_012,0.093,Noun,0.0,spread_open_e,imrp,Open,OneHanded,Curved,Head,HeadAway,0.0,125.0
1132029,1133444,1415,O1,348,moon.png,1,,,,,,MOON_n,Accept++,,,moon,moon,moon,True,moon,0.179,A_01_036,-0.165,Noun,0.0,curved_l,i,Open,OneHanded,Curved,Head,Eye,1.0,125.0
1136038,1137595,1557,O1,349,obj284nurse.jpg,2-,,,,,,NURSE_n,Accept++,,,nurse,nurse,nurse,True,nurse,-0.164,C_03_065,-0.341,Noun,0.0,h,im,Closed,OneHanded,Straight,Arm,WristFront,1.0,62.0
1141550,1143050,1500,O1,351,turtle.png,2-,,,,,,TURTLE_n,Accept++,,,turtle,turtle,turtle,True,turtle,-0.112,A_02_009,0.294,Noun,0.0,a,t,Open,AsymmetricalDifferentHandshape,,Hand,Palm,1.0,125.0
1144417,1146003,1586,O1,352,obj011arm.jpg,2-,,,,,,ARM_n,Accept++,,,arm,arm.1,arm,True,arm,-0.842,C_03_043,1.734,Noun,0.0,c,imrp,Open,OneHanded,Straight,Arm,UpperArm,1.0,76.0
1147258,1148872,1614,O1,353,obj120curtains.jpg,2+,,,,,,CURTAINS_n,Accept++,,,curtain,curtain,curtain,True,curtain,-0.776,A_02_025,0.885,Noun,0.0,4,imrp,Closed,SymmetricalOrAlternating,BackAndForth,Neutral,Neutral,0.0,42.0
1150125,1151254,1129,O1,354,book2.png,2+,,,,,,BOOK_n,Accept++,,,book,book,book,True,book,1.408,A_01_027,1.23,Noun,0.0,open_b,imrp,Open,SymmetricalOrAlternating,Curved,Neutral,Neutral,1.0,344.0
1152649,1153992,1343,O1,355,knife2.png,2-,sign KING,,,,,KNIFE_n,Accept++,,,knife,knife.1,knife,True,knife,-0.215,B_02_011,0.166,Noun,0.0,1,i,Closed,AsymmetricalSameHandshape,Curved,Hand,FingerRadial,1.0,253.0
1158989,1160332,1343,O1,357,obj161wine.jpg,1,,,,,,WINE_n,Accept++,,,wine,wine,wine,True,wine,0.652,D_01_015,-0.875,Noun,0.0,w,p,Open,OneHanded,Circular,Head,CheekNose,0.0,58.0
1162118,1163546,1428,O1,358,obj438tail.jpg,2-,,,,,,TAIL_n,Accept++,,,tail,tail.1,tail,True,tail,-1.287,D_01_083,0.885,Noun,0.0,f,i,Open,OneHanded,Z-shaped,Other,Other,0.0,1.0
1164761,1165961,1200,O1,359,obj263mirror.jpg,1,,,,,,MIRROR_n,Accept++,,,mirror,mirror,mirror,True,mirror,0.483,A_03_034,1.344,Noun,0.0,open_b,imrp,Open,OneHanded,,Head,HeadAway,0.0,269.0
1169846,1171389,1543,O1,361,obj235lawnmower.jpg,2+,,,,,,LAWNMOWER_n,Accept++,,,lawnmower,lawnmower,lawnmower,True,lawnmower,-0.956,B_03_064,0.486,Noun,0.0,s,imrp,Closed,SymmetricalOrAlternating,Curved,Neutral,Neutral,0.0,321.0
1172693,1174136,1443,O1,362,comb.png,1,,,,,,BRUSH_n,Accept++,,,comb,comb.1,comb,True,comb,-0.724,C_02_070,1.69,Verb,0.0,curved_5,imrp,Open,OneHanded,Straight,Head,HeadAway,0.0,380.0
1175614,1177257,1643,O1,363,obj444teeth.jpg,1,,,,,,TEETH_n,Accept++,,,teeth,teeth,teeth,True,teeth,0.216,D_01_040,1.88,Noun,0.0,bent_1,i,Closed,OneHanded,Curved,Head,HeadAway,0.0,145.0
1177649,1178906,1257,O1,364,obj089chair.jpg,2-,,,,,,CHAIR_n,Accept++,,,chair,chair,chair,True,chair,0.858,A_01_017,-0.69,Noun,0.0,h,im,Closed,DominanceViolation,Straight,Hand,FingerBack,1.0,368.0
1180350,1181650,1300,O1,365,tomato2.png,2-,,,,,,TOMATO_n,Accept++,,,tomato,tomato,tomato,True,tomato,0.449,D_02_087,-0.821,Noun,1.0,1,i,Closed,OneHanded,,Head,Mouth,1.0,290.0
1182861,1184161,1300,O1,366,obj066butter.jpg,2-,,,,,,BUTTER_n,Accept++,,,butter,butter,butter,True,butter,0.541,A_01_034,-0.59,Noun,0.0,flat_h,im,Open,AsymmetricalDifferentHandshape,Straight,Hand,Palm,1.0,350.0
1185684,1187113,1429,O1,367,obj435sword.jpg,1,,,,,,SWORD_n,Accept++,,,sword,sword,sword,True,sword,-1.183,E_03_101,1.275,Noun,0.0,baby_o,i,Open,OneHanded,Z-shaped,Neutral,Neutral,0.0,89.0
1188687,1190387,1700,O1,368,obj293paintbrush.jpg,2-,,,,,,PAINTBRUSH_n,Accept++,,,paintbrush,paintbrush,paintbrush,True,paintbrush,-0.482,A_02_079,0.465,Noun,0.0,open_h,im,Open,AsymmetricalDifferentHandshape,Straight,Hand,Palm,0.0,345.0
1192867,1194295,1428,O1,369,obj304peach.jpg,1,,,,,,PEACH_n,Accept++,,,peach,peach,peach,True,peach,-0.218,A_01_070,-0.465,Noun,0.0,flatspread_5,imrp,Open,OneHanded,,Head,CheekNose,1.0,232.0
1195569,1197040,1471,O1,370,obj262microscope.jpg,2+,,,NMM,,,MICROSCOPE_n,Accept++,,,microscope,microscope.3,microscope,True,microscope,-1.329,A_03_076,0.994,Noun,0.0,curved_5,imrp,Open,SymmetricalOrAlternating,,Head,HeadAway,0.0,265.0
1198706,1200263,1557,O1,371,lighting2.png,2-,,,,,,LIGHTING_n,Accept++,,,lightning,lightning,lightning,True,lightning,-0.632,D_02_069,0.888,Noun,0.0,1,i,Closed,OneHanded,Z-shaped,Neutral,Neutral,0.0,137.0
1201401,1202801,1400,O1,372,obj026banana.jpg,2-,,,,,,BANANA_n,Accept++,,,banana,banana.1,banana,True,banana,-0.059,A_03_002,0.838,Noun,0.0,flat_o,imrp,Open,AsymmetricalDifferentHandshape,Z-shaped,Hand,FingerRadial,1.0,36.0
1204246,1205960,1714,O1,373,shovel.png,2+,,,,,,SHOVEL_n,Accept++,,,shovel,shovel,shovel,True,shovel,-0.453,A_01_088,1.518,Noun,0.0,s,imrp,Closed,SymmetricalOrAlternating,Curved,Neutral,Neutral,0.0,321.0
1210943,1212271,1328,O1,375,obj183glove.jpg,2-,,,,,,GLOVE_n,Accept++,,,gloves,gloves.2,gloves,True,gloves,-0.521,A_02_026,1.525,Noun,0.0,5,imrp,Open,SymmetricalOrAlternating,Other,Hand,FingerBack,1.0,38.0
1213725,1215039,1314,O1,376,obj355ring.jpg,2-,,,,,,RING_n,Accept++,,,ring,ring,ring,True,ring,-0.482,A_03_053,1.546,Noun,0.0,g,i,Open,AsymmetricalDifferentHandshape,Straight,Hand,FingerBack,1.0,369.0
1216409,1217623,1214,O1,377,obj141eagle.jpg,1,,,,,,EAGLE_n,Accept++,,,eagle,eagle.1,eagle,True,eagle,-0.727,D_03_066,-0.338,Noun,0.0,bent_l,i,Open,OneHanded,Straight,Head,CheekNose,1.0,319.0
1218650,1220007,1357,O1,378,obj145elephant.jpg,1,,,,,,ELEPHANT_n,Accept++,,,elephant,elephant,elephant,True,elephant,-0.319,A_02_059,1.164,Noun,0.0,open_b,imrp,Open,OneHanded,Z-shaped,Head,CheekNose,1.0,68.0
1223002,1224373,1371,O1,379,obj143earring.jpg,1,,,,,,EARRING_n,Accept++,,,earring,earring,earring,True,earring,-0.264,C_03_011,1.747,Noun,0.0,f,i,Open,SymmetricalOrAlternating,,Head,Other,1.0,242.0
1225632,1226932,1300,O1,380,obj053bottle.jpg,2-,,,,,,BOTTLE_n,Accept++,,,bottle,bottle,bottle,True,bottle,-0.184,D_02_064,0.603,Noun,0.0,o,imrp,Open,AsymmetricalDifferentHandshape,Straight,Hand,Palm,1.0,386.0
1228172,1229757,1585,O1,381,obj226king.jpg,1,,,,,,KING_n,Accept++,,,king,king,king,True,king,-0.892,C_01_056,-0.431,Noun,0.0,p,im,Open,OneHanded,Curved,Body,Clavicle,1.0,94.0
1231198,1232669,1471,O1,382,obj392shirt.jpg,2+,,,,,,SHIRT_n,Accept++,,,shirt,shirt.1,shirt,True,shirt,-0.609,A_01_028,1.355,Noun,1.0,f,i,Open,OneHanded,Straight,Body,TorsoTop,1.0,163.0
1234307,1235849,1542,O1,383,obj285nut.jpg,2-,,,,,,NUT_n,Accept++,,,nut,nut.1,nut,True,nut,0.066,D_02_073,-0.572,Noun,0.0,a,t,Open,OneHanded,Straight,Head,Mouth,1.0,396.0
1237296,1238853,1557,O1,384,obj361rollerskate.jpg,2+,,,,,,ROLLERSKATE_n,Accept++,,,rollerskating,rollerskating,rollerskating,True,rollerskating,-0.958,A_02_074,-0.533,Noun,0.0,bent_v,im,Closed,SymmetricalOrAlternating,Curved,Neutral,Neutral,0.0,263.0
1239948,1241448,1500,O1,385,obj332popcorn.jpg,2+,,,,,,POPCORN_n,Accept++,,,popcorn,popcorn,popcorn,True,popcorn,-0.043,A_02_080,-0.015,Noun,0.0,baby_o,i,Open,SymmetricalOrAlternating,Straight,Neutral,Neutral,0.0,491.0
1243013,1244413,1400,O1,386,obj074can.jpg,2-,,,,,,CAN_n,Accept++,,,cup,cup,cup,True,cup,0.909,A_01_010,-0.127,Noun,0.0,c,imrp,Open,AsymmetricalDifferentHandshape,Straight,Hand,Palm,1.0,383.0
1245656,1246813,1157,O1,387,camera.png ,2+,,,,,,CAMERA_n,Accept++,,,camera,camera,camera,True,camera,0.103,B_03_073,2.04,Noun,0.0,l,i,Open,AsymmetricalDifferentHandshape,,Head,HeadAway,0.0,229.0
1248238,1249652,1414,O1,388,obj035beard.jpg,2+,,,,,,BEARD_n,Accept++,,,beard,beard,beard,True,beard,-0.565,C_03_085,1.54,Noun,0.0,c,imrp,Open,SymmetricalOrAlternating,Curved,Head,HeadAway,1.0,164.0
1250891,1252363,1472,O1,389,obj184goat.jpg,1,,,,,,GOAT_n,Accept++,,,goat,goat,goat,True,goat,-1.002,A_02_024,0.077,Noun,1.0,bent_v,im,Closed,OneHanded,,Head,Chin,1.0,226.0
1253598,1254998,1400,O1,390,obj322pipe.jpg,1,,,NMM,,,PIPE_n,Accept++,,,pipe,pipe.1,pipe,True,pipe,-1.783,B_03_027,0.146,Noun,0.0,y,p,Open,OneHanded,Straight,Head,Mouth,1.0,331.0
1256127,1257342,1215,O1,391,obj353rhinoceros.jpg,1,,,,,,RHINOCEROS_n,Accept++,,,rhino,rhino,rhino,True,rhino,-1.347,D_03_016,0.865,Noun,0.0,i,p,Closed,OneHanded,Straight,Head,CheekNose,1.0,325.0
1258479,1259694,1215,O1,392,obj096cigarette.jpg,1,,,,,,CIGARETTE_n,Accept++,,,smoking,smoking,smoking,True,smoking,-0.527,C_03_087,1.885,Verb,0.0,v,im,Closed,OneHanded,BackAndForth,Head,Mouth,1.0,19.0
1265114,1266485,1371,O2,404,obj159flag.jpg,2-,,,,,,FLAG_n,Accept++,,,flag,flag,flag,True,flag,-0.62,B_01_036,1.242,Noun,0.0,open_b,imrp,Open,OneHanded,Straight,Neutral,Neutral,0.0,541.0
1267644,1269030,1386,O2,405,obj137drill.jpg,2-,,,,,,DRILL_n,Accept++,,,drill,drill,drill,True,drill,-0.735,D_02_044,0.668,Noun,0.0,l,i,Open,AsymmetricalDifferentHandshape,Straight,Hand,Other,1.0,368.0
1270413,1271799,1386,O2,406,obj054bowl.jpg,2+,,,,,,BOWL_n,Accept++,,,bowl,bowl,bowl,True,bowl,0.352,C_03_049,0.515,Noun,0.0,c,imrp,Open,SymmetricalOrAlternating,Curved,Neutral,Neutral,0.0,292.0
1272881,1274438,1557,O2,407,obj442tear.jpg,2+,,,,,,TEAR_n,Accept++,,,tear,tear,tear,True,tear,-0.757,C_02_016,2.104,Verb,0.0,1,i,Closed,OneHanded,Straight,Head,Eye,1.0,469.0
1275377,1276534,1157,O2,408,obj157fish.jpg,2-,,,,,,FISH_n,Accept++,,,fish,fish,fish,True,fish,0.305,A_03_040,0.384,Noun,0.0,open_b,imrp,Open,AsymmetricalSameHandshape,,Hand,FingerTip,1.0,135.0
1281253,1282696,1443,O2,410,horse.png,2+,,,,,,HORSE_n,Accept++,,,horse,horse,horse,True,horse,-0.257,A_01_029,-0.644,Noun,0.0,open_h,im,Open,OneHanded,,Head,Forehead,1.0,223.0
1283862,1285247,1385,O2,411,obj248lipstick.jpg,1,,,,,,LIPSTICK_n,Accept++,,,lipstick,lipstick,lipstick,True,lipstick,-0.577,B_02_046,1.582,Noun,0.0,baby_o,i,Open,OneHanded,Straight,Head,HeadAway,0.0,353.0
1286485,1288171,1686,O2,412,obj423stethoscope.jpg,2-,,,,,,STETHOSCOPE_n,Accept++,,,stethoscope,stethoscope.2,stethoscope,True,stethoscope,-1.55,D_03_028,0.793,Noun,1.0,baby_o,i,Open,SymmetricalOrAlternating,,Head,Other,1.0,251.0
1289346,1290518,1172,O2,413,obj225key.jpg,2-,,,,,,KEY_n,Accept++,,,key,key,key,True,key,0.086,B_02_033,1.44,Noun,0.0,baby_o,i,Open,AsymmetricalDifferentHandshape,,Hand,Heel,1.0,82.0
1291749,1292949,1200,O2,414,car.png,2+,,,,,,CAR_n,Accept++,,,car,car,car,True,car,1.361,D_02_043,1.495,Noun,0.0,s,imrp,Closed,SymmetricalOrAlternating,Curved,Neutral,Neutral,0.0,321.0
1293995,1295281,1286,O2,415,flower3.png,1,,,,,,FLOWER_n,Accept++,,,flower,flower,flower,True,flower,0.494,A_03_017,-0.772,Noun,0.0,flat_o,imrp,Open,OneHanded,Curved,Head,CheekNose,1.0,143.0
1296955,1298283,1328,O2,416,obj174gas.jpg,2-,,,,,,GAS_n,Accept++,,,gas,gas,gas,True,gas,1.098,A_03_090,0.12,Noun,0.0,a,t,Open,AsymmetricalDifferentHandshape,Straight,Hand,FingerRadial,1.0,414.0
1299536,1300707,1171,O2,417,sandwich.png,2+,,,,,,SANDWICH_n,Accept++,,,sandwich,sandwich.2,sandwich,True,sandwich,-0.177,A_01_015,-0.274,Noun,0.0,flat_b,imrp,Open,AsymmetricalDifferentHandshape,Straight,Head,HeadAway,0.0,361.0
1301839,1303239,1400,O2,418,obj148eye.jpg,1,,,,,,EYE_n,Accept++,,,eyes,eyes,eyes,True,eyes,0.307,C_01_062,2.082,Noun,0.0,1,i,Closed,OneHanded,Curved,Head,Eye,1.0,267.0
1305381,1306596,1215,O2,419,obj162floor.jpg,2+,,,,,,FLOOR_n,Accept++,,,floor,floor,floor,True,floor,-0.266,D_01_062,0.405,Noun,0.0,open_b,imrp,Open,SymmetricalOrAlternating,Straight,Neutral,Neutral,1.0,541.0
1307877,1309105,1228,O2,420,carrot2.png,1,,,NMM,,,CARROT_n,Accept++,,,carrot,carrot.1,carrot,True,carrot,-0.291,A_02_083,0.205,Noun,0.0,s,imrp,Closed,OneHanded,,Head,Mouth,0.0,246.0
1310151,1311337,1186,O2,421,obj276music.jpg,2-,,,,,,MUSIC_n,Accept++,,,music,music,music,True,music,0.065,A_01_080,-0.736,Noun,0.0,open_b,imrp,Open,OneHanded,Curved,Arm,ArmAway,0.0,87.0
1312690,1314290,1600,O2,422,bicycle.png,2+,,,,,,BICYCLE_n,Accept++,,,bicycle,bicycle,bicycle,True,bicycle,0.56,D_02_026,1.161,Noun,0.0,s,imrp,Closed,SymmetricalOrAlternating,Circular,Neutral,Neutral,0.0,166.0
1319343,1321157,1814,O2,424,obj400skirt.jpg,2+,,,,,,SKIRT_n,Accept++,,,skirt,skirt,skirt,True,skirt,-0.207,A_01_046,1.021,Noun,0.0,5,imrp,Open,SymmetricalOrAlternating,Curved,Body,Hips,0.0,120.0
1322382,1323696,1314,O2,425,sun.png,1,,,,,,SUN_n,Accept++,,,sun,sun,sun,True,sun,0.222,C_02_003,0.877,Noun,0.0,flat_o,imrp,Open,OneHanded,Circular,Head,HeadAway,0.0,72.0
1324799,1326256,1457,O2,426,obj154fire.jpg,2+,,,,,,FIRE_n,Accept++,,,fire,fire,fire,True,fire,-0.746,B_03_090,0.292,Noun,0.0,5,imrp,Open,SymmetricalOrAlternating,Circular,Neutral,Neutral,0.0,141.0
1327728,1329356,1628,O2,427,obj350razor.jpg,1,,,,,,RAZOR_n,Accept++,,,razor,razor,razor,True,razor,-0.095,A_01_089,1.169,Noun,0.0,bent_1,i,Closed,OneHanded,Straight,Head,CheekNose,1.0,342.0
1335513,1336841,1328,O2,429,obj127doctor.jpg,2-,,,,,,DOCTOR_n,Accept++,,,doctor,doctor.1,doctor,True,doctor,0.059,A_03_020,0.123,Noun,0.0,flat_o,imrp,Open,OneHanded,Straight,Arm,WristFront,1.0,51.0
1338412,1339712,1300,O2,430,obj129doll.jpg,1,,,,,,DOLL_n,Accept++,,,doll,doll,doll,True,doll,-0.581,C_02_049,-0.751,Noun,0.0,bent_1,i,Closed,OneHanded,Straight,Head,CheekNose,1.0,342.0
1340850,1342122,1272,O2,431,obj409snake.jpg,1,,,,,,SNAKE_n,Accept++,,,snake,snake,snake,True,snake,-0.3,A_01_043,0.658,Noun,0.0,bent_v,im,Closed,OneHanded,Z-shaped,Head,Mouth,0.0,19.0
1343417,1344488,1071,O2,432,obj179girl.jpg,1,,,,,,GIRL_n,Accept++,,,girl,girl,girl,True,girl,0.16,C_03_073,-0.688,Noun,0.0,a,t,Open,OneHanded,Curved,Head,CheekNose,1.0,173.0
1345912,1347441,1529,O2,433,monkey.png,2+,,,,,,MONKEY_n,Accept++,,,monkey,monkey,monkey,True,monkey,-0.363,A_01_016,1.2,Noun,0.0,curved_5,imrp,Open,SymmetricalOrAlternating,,Body,Waist,1.0,49.0
1348552,1350095,1543,O2,434,obj479umbrella.jpg,2-,,,,,,UMBRELLA_n,Accept++,,,umbrella,umbrella,umbrella,True,umbrella,-0.183,A_02_022,0.409,Noun,0.0,s,imrp,Closed,AsymmetricalSameHandshape,Straight,Hand,FingerRadial,1.0,422.0
1351237,1352594,1357,O2,435,obj180glass.jpg,2-,,,,,,CUP_n,Accept++,,,cup,cup,cup,True,cup,0.909,A_01_010,-0.127,Noun,0.0,c,imrp,Open,AsymmetricalDifferentHandshape,Straight,Hand,Palm,1.0,383.0
1353889,1355247,1358,O2,436,obj220jacket.jpg,2+,,,,,,JACKET_n,Accept++,,,jacket,jacket,jacket,True,jacket,-0.106,C_02_008,1.209,Noun,0.0,a,t,Open,SymmetricalOrAlternating,Curved,Body,Shoulder,0.0,134.0
1356457,1358014,1557,O2,437,obj434swing.jpg,2-,,,,,,SWING_n,Accept++,,,swing_2,swing_2,swing_2,True,swing_2,-0.223,F_02_085,0.969,Verb,0.0,bent_v,im,Closed,SymmetricalOrAlternating,Curved,Neutral,Neutral,0.0,263.0
1359153,1360667,1514,O2,438,bear.png,2+,,,,,,BEAR_n,Accept++,,,bear,bear,bear,True,bear,-0.577,D_03_063,-0.051,Noun,0.0,5,imrp,Open,SymmetricalOrAlternating,Straight,Body,TorsoTop,1.0,177.0
1362254,1363754,1500,O2,439,obj509windmill.jpg,2-,,,,,,WINDMILL_n,Accept++,,,windmill,windmill.1,windmill,True,windmill,-0.88,A_02_048,-0.276,Noun,0.0,3,im,Open,AsymmetricalDifferentHandshape,,Hand,FingerTip,1.0,61.0
1365065,1366522,1457,O2,440,train.png,2-,,,,,,TRAIN_n,Accept++,,,train,train,train,True,train,-0.02,B_03_003,-0.698,Noun,0.0,flat_h,im,Closed,DominanceViolation,Straight,Hand,FingerBack,1.0,350.0
1367611,1369297,1686,O2,441,obj044binoculars.jpg,2+,,,,,,BINOCULARS_n,Accept++,,,binoculars,binoculars,binoculars,True,binoculars,-0.801,A_03_074,1.594,Noun,0.0,c,imrp,Open,SymmetricalOrAlternating,Straight,Head,HeadAway,0.0,363.0
1370471,1372013,1542,O2,442,obj224kangaroo.jpg,2+,,,,,,KANGAROO_n,Accept++,,,kangaroo,kangaroo,kangaroo,True,kangaroo,-1.289,D_03_079,1.039,Noun,0.0,flat_b,imrp,Open,SymmetricalOrAlternating,Straight,Neutral,Neutral,0.0,486.0
1373276,1374676,1400,O2,443,obj121deer.jpg,2+,,,,,,DEER_n,Accept++,,,deer,deer,deer,True,deer,-0.34,A_03_060,0.827,Noun,0.0,5,imrp,Open,SymmetricalOrAlternating,Straight,Head,Forehead,1.0,378.0
1375907,1377178,1271,O2,444,obj507whistle.jpg,1,,,,,,WHISTLE_n,Accept++,,,whistle,whistle.2,whistle,True,whistle,-0.491,A_02_046,0.47,Noun,0.0,bent_v,im,Closed,OneHanded,Straight,Head,Mouth,1.0,334.0
1378345,1379659,1314,O2,445,obj144egg.jpg,2+,,,,,,EGG_n,Accept++,,,egg,egg,egg,True,egg,0.772,A_03_011,-0.924,Noun,0.0,h,im,Closed,SymmetricalOrAlternating,Curved,Neutral,Neutral,1.0,271.0
1380819,1382319,1500,O2,446,obj188guitar.jpg,2-,,,,,,GUITAR_n,Accept++,,,guitar,guitar,guitar,True,guitar,-0.659,A_02_077,1.92,Noun,0.0,spread_open_e,imrp,Open,OneHanded,Curved,Arm,ArmAway,0.0,21.0
1383641,1385041,1400,O2,447,obj376saw.jpg,2-,,,,,,SAW_n,Accept++,,,wood,wood,wood,True,wood,-0.078,C_03_031,0.132,Noun,0.0,open_b,imrp,Open,AsymmetricalSameHandshape,Straight,Hand,PalmBack,1.0,459.0
1386330,1387744,1414,O2,448,obj510window.jpg,2-,,,,,,WINDOW_n,Accept++,,,window,window,window,True,window,0.786,A_03_042,0.273,Noun,0.0,open_b,imrp,Open,AsymmetricalSameHandshape,Straight,Hand,FingerRadial,1.0,459.0
1389039,1390382,1343,O2,449,bread2.png,2-,,,,,,BREAD_n,Accept++,,,bread,bread,bread,True,bread,0.755,A_02_058,-0.783,Noun,0.0,open_e,imrp,Open,AsymmetricalDifferentHandshape,Straight,Hand,PalmBack,1.0,343.0
1391724,1392909,1185,O2,450,obj189gun.jpg,1,,,,,,GUN_n,Accept++,,,gun,gun,gun,True,gun,-0.409,D_02_046,1.764,Noun,0.0,a,t,Open,OneHanded,,Neutral,Neutral,0.0,178.0
1394505,1395562,1057,O2,451,obj514wolf.jpg,1,,,,,,WOLF_n,Accept++,,,wolf,wolf,wolf,True,wolf,-0.521,A_01_049,-0.191,Noun,0.0,flatspread_5,imrp,Open,OneHanded,Curved,Head,HeadAway,1.0,132.0
1397517,1399003,1486,O2,452,obj061bride.jpg,2-,,,,,,WIFE_n,Accept++,,,wife,wife,wife,True,wife,0.551,D_03_025,-0.698,Noun,1.0,c,imrp,Open,OneHanded,,Head,Chin,1.0,237.0
1400117,1401532,1415,O2,453,drawer.png,2+,,,,,,DRAWER_n,Accept++,,,drawer,drawer,drawer,True,drawer,-0.974,A_01_082,0.137,Noun,0.0,curved_5,imrp,Open,SymmetricalOrAlternating,Straight,Neutral,Neutral,0.0,512.0
1403039,1404296,1257,O2,454,obj288orange.jpg,1,,,,,,ORANGE_n,Accept++,,,orange,orange,orange,True,orange,0.605,A_02_020,-0.676,Noun,0.0,o,imrp,Open,OneHanded,,Head,Mouth,1.0,251.0
1410217,1411732,1515,O2,456,obj389sheep.jpg,2-,,,,,,SHEEP_n,Accept++,,,sheep,sheep,sheep,True,sheep,-0.355,A_02_010,-0.58,Noun,0.0,v,im,Closed,OneHanded,Curved,Arm,ForearmBack,1.0,36.0
1413418,1414875,1457,O2,457,obj307pear.jpg,2-,,,,,,PEAR_n,Accept++,,,pear,pear,pear,True,pear,-1.154,F_02_006,-1.019,Noun,0.0,curved_5,imrp,Open,AsymmetricalDifferentHandshape,Straight,Hand,FingerBack,1.0,414.0
1416835,1418321,1486,O2,458,obj401skis.jpg,2+,,,,,,SKIS_n,Accept++,,,ski,ski,ski,True,ski,-0.58,D_02_027,-0.82,Noun,0.0,bent_1,i,Closed,SymmetricalOrAlternating,Straight,Neutral,Neutral,0.0,475.0
1419352,1420881,1529,O2,459,obj168fork.jpg,2-,,,,,,FORK_n,Accept++,,,fork,fork.2,fork_1,True,fork_1,0.237,E_01_049,0.197,Noun,0.0,v,im,Closed,AsymmetricalDifferentHandshape,Straight,Hand,Palm,1.0,368.0
1425621,1426892,1271,O2,461,obj287onion.jpg,1,,,,,,ONION_n,Accept++,,,onion,onion,onion,True,onion,0.68,A_03_038,0.336,Noun,0.0,bent_1,i,Closed,OneHanded,,Head,Eye,1.0,235.0
1428060,1429445,1385,O2,462,obj075candle.jpg,2-,,,,,,CANDLE_n,Accept++,,,candle,candle,candle,True,candle,-0.356,C_03_060,0.325,Noun,0.0,5,imrp,Open,AsymmetricalDifferentHandshape,,Hand,FingerTip,1.0,92.0
1430641,1432112,1471,O2,463,airplane2.png,1,,,,,,AIRPLANE_n,Accept++,,,airplane,airplane,airplane,True,airplane,0.379,D_03_068,-0.616,Noun,0.0,ily,ip,Open,OneHanded,Straight,Neutral,Neutral,0.0,441.0
1433145,1434388,1243,O2,464,apple2.png,1,,,,,,APPLE_n,Accept++,,,apple,apple,apple,True,apple,0.898,A_03_054,-0.88,Noun,0.0,bent_1,i,Closed,OneHanded,,Head,CheekNose,1.0,235.0
1435653,1437110,1457,O2,465,owl.png,2+,,,,,,OWL_n,Accept++,,,owl,owl,owl,True,owl,-0.806,D_01_087,0.581,Noun,0.0,o,imrp,Open,SymmetricalOrAlternating,,Head,Eye,0.0,251.0
1442788,1444159,1371,O2,467,obj393shoe.jpg,2+,,,,,,SHOE_n,Accept++,,,shoes,shoes,shoes,True,shoes,1.202,A_02_057,-0.717,Noun,0.0,s,imrp,Closed,SymmetricalOrAlternating,Straight,Neutral,Neutral,1.0,524.0
1445577,1446834,1257,O2,468,obj515woman.jpg,1,,,,,,WOMAN_n,Accept++,,,woman,woman,woman,True,woman,0.977,C_02_028,-0.717,Noun,1.0,5,imrp,Open,OneHanded,Straight,Head,Chin,1.0,378.0
1448080,1449566,1486,O2,469,obj192hamburger.jpg,2+,,,,,,HAMBURGER_n,Accept++,,,hamburger,hamburger,hamburger,True,hamburger,0.232,A_01_004,0.248,Noun,1.0,c,imrp,Open,SymmetricalOrAlternating,Straight,Neutral,Neutral,1.0,488.0
1450651,1452066,1415,O2,470,obj139duck.jpg,1,,,,,,DUCK_n,Accept++,,,duck,duck,duck,True,duck,-0.454,D_01_079,0.743,Noun,0.0,flat_h,im,Open,OneHanded,,Head,Mouth,1.0,224.0
1453231,1454631,1400,O2,471,obj396shower.jpg,1,,,,,,SHOWER_n,Accept++,,,shower,shower,shower,True,shower,0.959,A_02_001,1.085,Noun,0.0,s,imrp,Closed,OneHanded,,Head,HeadAway,0.0,246.0
1455866,1457166,1300,O2,472,helicopter.png,2-,,,,,,HELICOPTER_n,Accept++,,,helicopter,helicopter,helicopter,True,helicopter,-0.911,D_02_042,0.882,Noun,0.0,5,imrp,Open,AsymmetricalDifferentHandshape,Curved,Hand,FingerTip,1.0,216.0
1458603,1460118,1515,O2,473,strawberry2.png,1,,,,,,STRAWBERRY_n,Accept++,,,strawberry,strawberry,strawberry,True,strawberry,-0.84,A_01_068,-0.764,Noun,0.0,f,i,Open,OneHanded,Straight,Head,Mouth,1.0,364.0
1461663,1463277,1614,O2,474,obj506whip.jpg,1,,,,,,WHIP_n,Accept++,,,whip,whip,whip,True,whip,-0.738,A_03_077,1.296,Verb,0.0,baby_o,i,Open,OneHanded,BackAndForth,Neutral,Neutral,0.0,75.0
1467806,1469249,1443,O2,476,hammer2.png,1,,,,,,HAMMER_n,Accept++,,,hammer,hammer,hammer,True,hammer,-1.049,C_02_021,1.42,Noun,0.0,baby_o,i,Open,OneHanded,Straight,Neutral,Neutral,0.0,497.0
1470845,1472345,1500,O2,477,football3.png,2+,,,,,,FOOTBALL_n,Accept++,,,football,football,football,True,football,0.837,A_02_027,-0.604,Noun,0.0,5,imrp,Open,SymmetricalOrAlternating,Straight,Neutral,Neutral,1.0,512.0
1475242,1476756,1514,O2,478,obj173trash.jpg,2-,,,,,,TRASH_n,Accept++,,,trash,trash,trash,True,trash,0.446,A_01_035,-0.822,Noun,0.0,1,i,Closed,OneHanded,Curved,Arm,ForearmUlnar,1.0,76.0
1478645,1479945,1300,O2,479,cake2.png,2-,,,,,,CAKE_n,Accept++,,,cake,cake,cake,True,cake,-0.455,D_01_033,-0.485,Noun,0.0,curved_5,imrp,Open,AsymmetricalDifferentHandshape,Straight,Hand,Palm,1.0,414.0
1481583,1482983,1400,O2,480,spider.png,2+,,,,,,SPIDER_n,Accept++,,,spider,spider,spider,True,spider,-0.518,D_03_067,0.987,Noun,0.0,curved_5,imrp,Open,SymmetricalOrAlternating,Straight,Neutral,Neutral,1.0,512.0
1484129,1485500,1371,O2,481,motorcycle.png,2-,,,,,,MOTORCYCLE_n,Accept++,,,motorcycle,motorcycle,motorcycle,True,motorcycle,-0.228,D_01_011,1.237,Noun,0.0,s,imrp,Closed,AsymmetricalSameHandshape,,Neutral,Neutral,0.0,210.0
1486687,1488387,1700,O2,482,obj201heart.jpg,2+,,,,,,HEART_n,Accept++,,,heart,heart,heart,True,heart,-0.706,B_03_066,1.328,Noun,0.0,open_8,m,Open,SymmetricalOrAlternating,BackAndForth,Body,TorsoTop,1.0,21.0
1489535,1491150,1615,O2,483,vacuum.png,1,,,,,,VACUUM_n,Accept++,,,vacuum,vacuum,vacuum,True,vacuum,-0.243,D_03_084,0.748,Verb,0.0,baby_o,i,Open,OneHanded,Z-shaped,Neutral,Neutral,0.0,89.0
1492397,1494054,1657,O2,484,rabbit.png,2+,,,,,,RABBIT_n,Accept++,,,rabbit,rabbit,rabbit,True,rabbit,-0.947,C_02_024,0.749,Noun,0.0,h,im,Closed,SymmetricalOrAlternating,,Head,HeadAway,0.0,233.0
1495299,1496870,1571,O2,485,rain.png,2+,,,,,,RAIN_n,Accept++,,,rain,rain,rain,True,rain,0.917,A_03_061,0.897,Noun,0.0,spread_open_e,imrp,Open,SymmetricalOrAlternating,Straight,Neutral,Neutral,0.0,443.0
1498148,1499833,1685,O2,486,pants.png,2+,,,,,,PANTS_n,Accept++,,,pants,pants,pants,True,pants,-0.185,A_01_058,0.599,Noun,0.0,open_b,imrp,Open,SymmetricalOrAlternating,Z-shaped,Body,BodyAway,0.0,37.0
1500937,1502379,1442,O2,487,box2.png,2+,,,,,,BOX_n,Accept++,,,box,box,box,True,box,0.283,C_03_025,0.918,Noun,1.0,open_b,imrp,Open,SymmetricalOrAlternating,,Neutral,Neutral,0.0,216.0
1503511,1505011,1500,O2,488,obj241lettuce.jpg,1,,,,,,LETTUCE_n,Accept++,,,lettuce,lettuce,lettuce,True,lettuce,0.239,A_01_083,-0.831,Noun,0.0,spread_open_e,imrp,Open,OneHanded,Straight,Head,HeadTop,1.0,317.0
1509852,1511524,1672,O2,490,obj394shoulder.jpg,1,,,,,,SHOULDER_n,Accept++,,,shoulder,shoulder.1,shoulder,True,shoulder,-0.084,A_02_055,1.765,Noun,0.0,flat_b,imrp,Open,OneHanded,Straight,Body,Shoulder,1.0,165.0
1512648,1514162,1514,O2,491,obj454tiger.jpg,2+,,,,,,TIGER_n,Accept++,,,tiger,tiger,tiger,True,tiger,-0.452,A_01_050,0.266,Noun,0.0,5,imrp,Open,SymmetricalOrAlternating,Straight,Head,CheekNose,0.0,378.0
1515452,1517066,1614,O2,492,stairs.png,1,,,,,,STAIRS_n,Accept++,,,stairs,stairs,stairs,True,stairs,0.734,A_03_048,0.108,Noun,0.0,bent_v,im,Open,OneHanded,Straight,Neutral,Neutral,0.0,455.0
1518291,1519791,1500,O2,493,obj358rock.jpg,2-,,,,,,ROCK_n,Accept++,,,rock,rock,rock,True,rock,-0.163,A_01_030,0.55,Noun,0.0,a,imrp,Open,AsymmetricalSameHandshape,Straight,Hand,PalmBack,1.0,414.0
1520957,1522557,1600,O2,494,boat.png,2+,,,,,,BOAT_n,Accept++,,,boat,boat,boat,True,boat,-0.248,D_01_055,-0.309,Noun,0.0,open_b,imrp,Open,SymmetricalOrAlternating,Curved,Neutral,Neutral,1.0,344.0
1523589,1524989,1400,O2,495,tree.png,2-,,,,,,TREE_n,Accept++,,,tree,tree,tree,True,tree,0.621,A_01_002,0.331,Noun,0.0,5,imrp,Open,OneHanded,,Neutral,Neutral,0.0,190.0
1526096,1527624,1528,O2,496,hat2.png,2+,,,,,,HAT_n,Accept++,,,hat,hat.1,hat,True,hat,0.3,A_02_045,0.941,Noun,0.0,open_b,imrp,Open,OneHanded,Straight,Head,HeadTop,1.0,426.0
1529206,1530778,1572,O2,497,obj269mop.jpg,2+,,,,,,MOP_n,Accept++,,,mop,mop.1,mop,True,mop,-0.145,A_02_090,0.781,Noun,0.0,baby_o,i,Open,SymmetricalOrAlternating,Straight,Neutral,Neutral,0.0,497.0
1531823,1533338,1515,O2,498,man.png,1,,,,,,MAN_n,Accept++,,,man,man,man,True,man,0.699,C_01_040,-0.524,Noun,1.0,5,imrp,Open,OneHanded,,Head,Forehead,1.0,252.0
1534484,1535798,1314,O2,499,obj383screwdriver.jpg,2-,,,,,,SCREWDRIVER_n,Accept++,,,screwdriver,screwdriver,screwdriver,True,screwdriver,-0.664,D_02_023,1.205,Noun,0.0,h,im,Closed,AsymmetricalDifferentHandshape,,Hand,Palm,1.0,92.0
1537115,1538600,1485,O2,500,obj356road.jpg,2+,,,,,,ROAD_n,Accept++,,,road,road,road,True,road,0.4,F_02_083,0.388,Noun,0.0,closed_b,imrp,Closed,SymmetricalOrAlternating,Straight,Neutral,Neutral,0.0,475.0
1539573,1540873,1300,O2,501,obj380scissors.jpg,1,,,,,,SCISSORS_n,Accept++,,,scissors,scissors,scissors,True,scissors,0.264,A_01_038,1.877,Noun,0.0,v,im,Closed,OneHanded,,Neutral,Neutral,0.0,146.0
1541812,1543097,1285,O2,502,obj213house.jpg,2+,,,,,,HOUSE_n,Accept++,,,house,house,house,True,house,0.672,D_03_086,1.148,Noun,0.0,flat_b,imrp,Open,SymmetricalOrAlternating,Curved,Neutral,Neutral,1.0,288.0
1544287,1545529,1242,O2,503,obj116cross.jpg,2-,,,,,,CROSS_n,Accept++,,,plus,plus,plus,True,plus,0.196,J_03_045,2.063,Noun,0.0,1,i,Closed,AsymmetricalSameHandshape,Straight,Hand,FingerRadial,1.0,446.0
1546852,1548224,1372,O2,504,obj207hippo.jpg,2+,,,,,,HIPPO_n,Accept++,,,hippo,hippo,hippo,True,hippo,-1.681,C_01_069,0.229,Noun,0.0,y,p,Open,SymmetricalOrAlternating,Curved,Neutral,Neutral,0.0,270.0
1549511,1551040,1529,O2,505,obj059bra.jpg,2+,,,,,,BRA_n,Accept++,,,bra,bra,bra,True,bra,-0.419,A_03_028,1.22,Noun,0.0,l,i,Open,SymmetricalOrAlternating,Straight,Body,TorsoMid,1.0,142.0
1552220,1553648,1428,O2,506,obj130dolphin.jpg,2-,,,,,,DOLPHIN_n,Accept++,,,dolphin,dolphin,dolphin,True,dolphin,-0.787,A_03_057,1.094,Noun,0.0,r,im,Open,OneHanded,Z-shaped,Arm,ArmAway,0.0,7.0
1558027,1559370,1343,O2,508,obj150faucet.jpg,2+,,,,,,FAUCET_n,Accept++,,,faucet,faucet,faucet,True,faucet,-0.884,D_01_065,0.386,Noun,0.0,curved_5,imrp,Open,SymmetricalOrAlternating,,Neutral,Neutral,0.0,195.0
1560970,1562384,1414,O2,509,obj064brush.jpg,1,,,,,,BRUSH_n,Accept++,,,comb_2,comb_2,comb_2,True,comb_2,0.589,K_03_065,0.977,Noun,0.0,baby_o,i,Open,OneHanded,Straight,Head,HeadAway,0.0,353.0
1563837,1565608,1771,O2,510,obj272mountain.jpg,2-,,,,,,MOUNTAIN_n,Accept++,,,mountain,mountain,mountain,True,mountain,0.097,A_01_055,-0.319,Noun,1.0,a,t,Open,AsymmetricalSameHandshape,Straight,Hand,PalmBack,1.0,414.0
1566824,1568638,1814,O2,511,obj520zipper.jpg,2-,,,,,,ZIPPER_n,Accept++,,,zipper,zipper,zipper,True,zipper,-0.556,D_01_034,1.737,Noun,0.0,baby_o,i,Open,DominanceViolation,Straight,Body,Waist,0.0,165.0
1570006,1571764,1758,O2,512,pencil.png,2-,,,,,,PENCIL_n,Accept++,,,pencil,pencil,pencil,True,pencil,0.235,A_02_053,0.384,Noun,1.0,baby_o,i,Open,OneHanded,,Head,Mouth,1.0,242.0
1574559,1576174,1615,O2,513,obj114crackers.jpg,2-,,,,,,CRAKERS_n,Accept++,,,cracker,cracker,cracker,True,cracker,-0.334,C_01_081,-0.815,Noun,0.0,a,t,Open,OneHanded,Straight,Arm,ElbowBack,1.0,107.0
1580517,1581945,1428,O2,515,giraffe.png,1,,,,,,GIRAFFE_n,Accept++,,,giraffe,giraffe,giraffe,True,giraffe,-0.749,A_03_049,0.586,Noun,0.0,c,imrp,Open,AsymmetricalSameHandshape,Straight,Body,BodyAway,0.0,159.0
1582990,1584576,1586,O2,516,obj138drum.jpg,2+,,,NMM,,,DRUM_n,Accept++,,,drum,drum,drum,True,drum,-1.058,A_03_075,1.152,Noun,0.0,baby_o,i,Open,SymmetricalOrAlternating,Curved,Neutral,Neutral,0.0,290.0
1585828,1587342,1514,O2,517,obj471trophy.jpg,2+,,,,,,TROPHY_n,Accept++,,,trophy,trophy,trophy,True,trophy,-0.631,D_02_086,-0.625,Noun,0.0,y,p,Open,SymmetricalOrAlternating,Straight,Neutral,Neutral,1.0,466.0
1588560,1590131,1571,O2,518,obj185gorilla.jpg,2+,,,,,,GORILLA_n,Accept++,,,gorilla,gorilla,gorilla,True,gorilla,-0.681,A_02_044,1.819,Noun,0.0,a,t,Open,SymmetricalOrAlternating,Straight,Body,TorsoTop,1.0,192.0
1591462,1592990,1528,O2,519,lamp.png,1,NOUN+CLASSIFIES,,,,,"LIGHT, LAMP_n",Accept++,,,lamp,lamp.1,lamp,True,lamp,0.316,D_03_037,0.28,Noun,0.0,o,imrp,Open,OneHanded,,Neutral,Neutral,0.0,161.0
1594157,1595600,1443,O2,520,obj227kite.jpg,2-,,,,,,KITE_n,Accept++,,,kite,kite.1,kite,True,kite,-0.978,A_02_030,0.731,Noun,0.0,open_b,imrp,Open,AsymmetricalDifferentHandshape,Z-shaped,Hand,FingerTip,1.0,104.0
1596638,1597852,1214,O2,521,obj275mushroom.jpg,2-,,,,,,MUSHROOM_n,Accept++,,,mushroom,mushroom,mushroom,True,mushroom,-0.083,E_02_089,-0.105,Noun,0.0,curved_5,imrp,Open,AsymmetricalDifferentHandshape,Straight,Hand,FingerTip,1.0,414.0
1599292,1600478,1186,O2,522,dog.png,1,,,,,,DOG_n,Accept++,,,dog_3,dog_3,dog_3,True,dog_3,0.621,J_02_068,-0.832,Noun,0.0,d,mrp,Open,OneHanded,,Neutral,Neutral,0.0,124.0
1601688,1603031,1343,O2,523,obj398skateboard.jpg,2+,,,,,,SKATEBOARD_n,Accept++,,,skateboarding,skateboarding.1,skateboarding,True,skateboarding,-1.466,C_02_052,0.9,Verb,0.0,8,m,Open,AsymmetricalDifferentHandshape,,Hand,FingerBack,1.0,54.0
1604176,1605362,1186,O2,524,obj453tie.jpg,1,,,,,,TIE_n,Accept++,,,tie,tie.2,tie,True,tie,-0.751,A_01_013,0.709,Noun,0.0,flat_h,im,Closed,OneHanded,Curved,Body,Clavicle,1.0,88.0
1606929,1608343,1414,O2,525,obj485violin.jpg,2-,,,,,,VIOLIN_m,Accept++,,,violin,violin,violin,True,violin,-1.193,A_03_083,1.621,Noun,0.0,f,i,Open,OneHanded,Straight,Arm,ArmAway,0.0,87.0
1613662,1615219,1557,O2,527,firefighter.png,1,,,,,,FIREFIGHTER_n,Accept++,,,fireman,fireman,fireman,True,fireman,-0.559,A_02_039,-0.481,Noun,0.0,4,imrp,Closed,OneHanded,Straight,Head,Forehead,1.0,327.0
1617086,1618500,1414,O2,528,obj301parachute.jpg,2-,,,,,,PARACHUTE_n,Accept++,,,parachute,parachute,parachute,True,parachute,-1.279,A_01_021,1.302,Verb,0.0,s,imrp,Closed,SymmetryViolation,Straight,Hand,FingerTip,0.0,422.0
